-2,-13,iRIK8uoWHzFKXYG7zxQqNEive/g=,fR/5dR6yC+oTrAgv+Wa6bVxmP7g=
-3,-12,iRIK8uoWHzFKXYG7zxQqNEive/g=,knFONMGVzdrurAHZzmT5zDsL9k4=
-2,-12,iRIK8uoWHzFKXYG7zxQqNEive/g=,jCjN7HvNEWwQ6ApG/ak3KrrNXcE=
-3,-13,iRIK8uoWHzFKXYG7zxQqNEive/g=,W0ZRh7owTNytVRKuEHRglvOemuE=
-5,-12,9b06GwHzVU1jAWw4bdkiZ2rRVfc=,7JiStmmZn+9OM6YDvcawdCKyndA=
-5,-13,9b06GwHzVU1jAWw4bdkiZ2rRVfc=,RG+RkmjXTr4A3VkXJke6KEOdQCc=
-4,-13,9b06GwHzVU1jAWw4bdkiZ2rRVfc=,W0ZRh7owTNytVRKuEHRglvOemuE=
-4,-12,9b06GwHzVU1jAWw4bdkiZ2rRVfc=,knFONMGVzdrurAHZzmT5zDsL9k4=
-4,-10,9b06GwHzVU1jAWw4bdkiZ2rRVfc=,r/FIY3N5/iMzd12TIbY573dRShg=
-5,-10,9b06GwHzVU1jAWw4bdkiZ2rRVfc=,QlErmTQzCAvy+H7hZI2aLFUD5sE=
-5,-11,9b06GwHzVU1jAWw4bdkiZ2rRVfc=,7JiStmmZn+9OM6YDvcawdCKyndA=
-4,-11,9b06GwHzVU1jAWw4bdkiZ2rRVfc=,knFONMGVzdrurAHZzmT5zDsL9k4=
-4,-8,9b06GwHzVU1jAWw4bdkiZ2rRVfc=,/AQSzBqNSVhhUCRy/TkNZYS/saE=
-5,-9,9b06GwHzVU1jAWw4bdkiZ2rRVfc=,QlErmTQzCAvy+H7hZI2aLFUD5sE=
-4,-9,9b06GwHzVU1jAWw4bdkiZ2rRVfc=,r/FIY3N5/iMzd12TIbY573dRShg=
-5,-8,9b06GwHzVU1jAWw4bdkiZ2rRVfc=,44Q1ckA+yf5RveQ5PKBLvmC0yJc=
-3,-10,9b06GwHzVU1jAWw4bdkiZ2rRVfc=,r/FIY3N5/iMzd12TIbY573dRShg=
-2,-10,9b06GwHzVU1jAWw4bdkiZ2rRVfc=,k1ugVoitmH9kGdWXXZzTOXWwu3o=
-3,-11,9b06GwHzVU1jAWw4bdkiZ2rRVfc=,knFONMGVzdrurAHZzmT5zDsL9k4=
-2,-11,9b06GwHzVU1jAWw4bdkiZ2rRVfc=,jCjN7HvNEWwQ6ApG/ak3KrrNXcE=
-3,-9,9b06GwHzVU1jAWw4bdkiZ2rRVfc=,r/FIY3N5/iMzd12TIbY573dRShg=
-2,-8,9b06GwHzVU1jAWw4bdkiZ2rRVfc=,z2cT3SPXd3mVHblyZBbomsVkHNQ=
-3,-8,9b06GwHzVU1jAWw4bdkiZ2rRVfc=,/AQSzBqNSVhhUCRy/TkNZYS/saE=
-2,-9,9b06GwHzVU1jAWw4bdkiZ2rRVfc=,k1ugVoitmH9kGdWXXZzTOXWwu3o=
-5,-6,MCED+sZd2avyPZbvejeympcpuMk=,oLIdWxMNXGdrv2yDkdS7KE13aMo=
-4,-7,MCED+sZd2avyPZbvejeympcpuMk=,/AQSzBqNSVhhUCRy/TkNZYS/saE=
-4,-6,MCED+sZd2avyPZbvejeympcpuMk=,NJpcDfsZ9cccVycXGKgkzaXEIws=
-5,-7,MCED+sZd2avyPZbvejeympcpuMk=,44Q1ckA+yf5RveQ5PKBLvmC0yJc=
-3,-7,MCED+sZd2avyPZbvejeympcpuMk=,/AQSzBqNSVhhUCRy/TkNZYS/saE=
-3,-6,MCED+sZd2avyPZbvejeympcpuMk=,NJpcDfsZ9cccVycXGKgkzaXEIws=
-2,-6,MCED+sZd2avyPZbvejeympcpuMk=,RV+b6Tr4aXNyo/3r+ZgUDt/1AHI=
-2,-7,MCED+sZd2avyPZbvejeympcpuMk=,z2cT3SPXd3mVHblyZBbomsVkHNQ=
-5,-5,MCED+sZd2avyPZbvejeympcpuMk=,oLIdWxMNXGdrv2yDkdS7KE13aMo=
-5,-4,MCED+sZd2avyPZbvejeympcpuMk=,z3VEsbVhwjEckpbs4TqKyQaQG5o=
-4,-5,MCED+sZd2avyPZbvejeympcpuMk=,NJpcDfsZ9cccVycXGKgkzaXEIws=
-4,-4,MCED+sZd2avyPZbvejeympcpuMk=,A76LIQvvf+vkurmei7x2RJHhE7g=
-2,-4,MCED+sZd2avyPZbvejeympcpuMk=,jwhdbeZ+roZtdjuJU8xpA1pMJIc=
-3,-5,MCED+sZd2avyPZbvejeympcpuMk=,NJpcDfsZ9cccVycXGKgkzaXEIws=
-2,-5,MCED+sZd2avyPZbvejeympcpuMk=,RV+b6Tr4aXNyo/3r+ZgUDt/1AHI=
-3,-4,MCED+sZd2avyPZbvejeympcpuMk=,A76LIQvvf+vkurmei7x2RJHhE7g=
-12,-3,XSLkNSnd1lF+y4+jyFBmhEjoJCU=,zo8FAA6XPjXWu8HTaWFyQ6ca0vs=
-12,-2,XSLkNSnd1lF+y4+jyFBmhEjoJCU=,QFBHRBldOYD8uaZUCNP3Svj/5ew=
-13,-3,XSLkNSnd1lF+y4+jyFBmhEjoJCU=,/KywIR1llnkjG6U+9oW5lbEzwyo=
-13,-2,XSLkNSnd1lF+y4+jyFBmhEjoJCU=,6RnS8zbpEYjz5meqah8sjtt1I8s=
-15,-3,g3hRzlIu+FEcZQ/IOWmtRKVQvws=,WgkHSKEI+PZCclCOdfsd/AJdn3k=
-14,-4,g3hRzlIu+FEcZQ/IOWmtRKVQvws=,/KywIR1llnkjG6U+9oW5lbEzwyo=
-14,-5,g3hRzlIu+FEcZQ/IOWmtRKVQvws=,igzBQTlqLZS8c2y1fjaBR+nBudk=
-15,-5,g3hRzlIu+FEcZQ/IOWmtRKVQvws=,2wi2o6VoFwB24L3yHcnH0Af8Z28=
-15,-4,g3hRzlIu+FEcZQ/IOWmtRKVQvws=,WgkHSKEI+PZCclCOdfsd/AJdn3k=
-15,-2,g3hRzlIu+FEcZQ/IOWmtRKVQvws=,amnlseRbVqj7KwiauhDKiOaqd8Q=
-14,-2,g3hRzlIu+FEcZQ/IOWmtRKVQvws=,6RnS8zbpEYjz5meqah8sjtt1I8s=
-14,-3,g3hRzlIu+FEcZQ/IOWmtRKVQvws=,/KywIR1llnkjG6U+9oW5lbEzwyo=
-15,-6,g3hRzlIu+FEcZQ/IOWmtRKVQvws=,2wi2o6VoFwB24L3yHcnH0Af8Z28=
-14,-6,g3hRzlIu+FEcZQ/IOWmtRKVQvws=,igzBQTlqLZS8c2y1fjaBR+nBudk=
-15,-7,g3hRzlIu+FEcZQ/IOWmtRKVQvws=,XPwaVukmkEe76C9hhU8eUF4jPjk=
-14,-7,g3hRzlIu+FEcZQ/IOWmtRKVQvws=,X6FpFcc+nYdZoy+4avYuheJ/UmE=
-14,-8,g3hRzlIu+FEcZQ/IOWmtRKVQvws=,X6FpFcc+nYdZoy+4avYuheJ/UmE=
-15,-8,g3hRzlIu+FEcZQ/IOWmtRKVQvws=,XPwaVukmkEe76C9hhU8eUF4jPjk=
-14,-9,g3hRzlIu+FEcZQ/IOWmtRKVQvws=,vcKtE0o3Cnn1mIOs23Ij4QmU2B0=
-15,-9,g3hRzlIu+FEcZQ/IOWmtRKVQvws=,BI0CxThuYhDdSjhbAvRKhC3xetc=
-15,-11,abWI4sLuD6FtRhXfVy2DurcQDIg=,/pSCRnRAVavrrTm8oU5emLwrgko=
-14,-10,abWI4sLuD6FtRhXfVy2DurcQDIg=,vcKtE0o3Cnn1mIOs23Ij4QmU2B0=
-14,-11,abWI4sLuD6FtRhXfVy2DurcQDIg=,Muto7Sz+fK0mrlU2x7z7PcPzYlk=
-15,-10,abWI4sLuD6FtRhXfVy2DurcQDIg=,BI0CxThuYhDdSjhbAvRKhC3xetc=
-15,-13,abWI4sLuD6FtRhXfVy2DurcQDIg=,F9xv2AghYbgaMyHcMfrW5T5NRD4=
-14,-12,abWI4sLuD6FtRhXfVy2DurcQDIg=,Muto7Sz+fK0mrlU2x7z7PcPzYlk=
-14,-13,abWI4sLuD6FtRhXfVy2DurcQDIg=,rWGOoRgJy1+B6tyR7cdXqeG12q8=
-15,-12,abWI4sLuD6FtRhXfVy2DurcQDIg=,/pSCRnRAVavrrTm8oU5emLwrgko=
-12,-12,abWI4sLuD6FtRhXfVy2DurcQDIg=,1/lrxEx4Dxzzo/7vi98Qu3pkDwg=
-12,-13,abWI4sLuD6FtRhXfVy2DurcQDIg=,Txr18O/BKl9MejTyftyD4WFtgqQ=
-13,-13,abWI4sLuD6FtRhXfVy2DurcQDIg=,rWGOoRgJy1+B6tyR7cdXqeG12q8=
-13,-12,abWI4sLuD6FtRhXfVy2DurcQDIg=,Muto7Sz+fK0mrlU2x7z7PcPzYlk=
-12,-10,abWI4sLuD6FtRhXfVy2DurcQDIg=,UO1C3yARBYSRnHv38NQSCPrlAdg=
-13,-11,abWI4sLuD6FtRhXfVy2DurcQDIg=,Muto7Sz+fK0mrlU2x7z7PcPzYlk=
-13,-10,abWI4sLuD6FtRhXfVy2DurcQDIg=,vcKtE0o3Cnn1mIOs23Ij4QmU2B0=
-12,-11,abWI4sLuD6FtRhXfVy2DurcQDIg=,1/lrxEx4Dxzzo/7vi98Qu3pkDwg=
-12,-8,abWI4sLuD6FtRhXfVy2DurcQDIg=,foGvPPWj6DkK/Y6tk+aYKkTGOjE=
-13,-8,abWI4sLuD6FtRhXfVy2DurcQDIg=,X6FpFcc+nYdZoy+4avYuheJ/UmE=
-12,-9,abWI4sLuD6FtRhXfVy2DurcQDIg=,UO1C3yARBYSRnHv38NQSCPrlAdg=
-13,-9,abWI4sLuD6FtRhXfVy2DurcQDIg=,vcKtE0o3Cnn1mIOs23Ij4QmU2B0=
-13,-5,abWI4sLuD6FtRhXfVy2DurcQDIg=,igzBQTlqLZS8c2y1fjaBR+nBudk=
-12,-4,abWI4sLuD6FtRhXfVy2DurcQDIg=,zo8FAA6XPjXWu8HTaWFyQ6ca0vs=
-13,-7,abWI4sLuD6FtRhXfVy2DurcQDIg=,X6FpFcc+nYdZoy+4avYuheJ/UmE=
-12,-7,abWI4sLuD6FtRhXfVy2DurcQDIg=,foGvPPWj6DkK/Y6tk+aYKkTGOjE=
-12,-5,abWI4sLuD6FtRhXfVy2DurcQDIg=,LoI2fqjQYLQzqf83YOwd4WQwbY8=
-13,-6,abWI4sLuD6FtRhXfVy2DurcQDIg=,igzBQTlqLZS8c2y1fjaBR+nBudk=
-12,-6,abWI4sLuD6FtRhXfVy2DurcQDIg=,LoI2fqjQYLQzqf83YOwd4WQwbY8=
-13,-4,abWI4sLuD6FtRhXfVy2DurcQDIg=,/KywIR1llnkjG6U+9oW5lbEzwyo=
-11,-5,qBQkhz96AGwCwnNPCxasu9s+t0E=,LoI2fqjQYLQzqf83YOwd4WQwbY8=
-10,-4,qBQkhz96AGwCwnNPCxasu9s+t0E=,nu58DIYTs3+7mAE3kmgY6QVDTyE=
-10,-5,qBQkhz96AGwCwnNPCxasu9s+t0E=,J9aJyr8+AChuKARiTij+JII0UFA=
-11,-4,qBQkhz96AGwCwnNPCxasu9s+t0E=,zo8FAA6XPjXWu8HTaWFyQ6ca0vs=
-11,-6,qBQkhz96AGwCwnNPCxasu9s+t0E=,LoI2fqjQYLQzqf83YOwd4WQwbY8=
-11,-7,qBQkhz96AGwCwnNPCxasu9s+t0E=,foGvPPWj6DkK/Y6tk+aYKkTGOjE=
-10,-6,qBQkhz96AGwCwnNPCxasu9s+t0E=,J9aJyr8+AChuKARiTij+JII0UFA=
-10,-7,qBQkhz96AGwCwnNPCxasu9s+t0E=,IYDdLm8GLdO9w7vWTRh3ec8dHcc=
-9,-5,qBQkhz96AGwCwnNPCxasu9s+t0E=,J9aJyr8+AChuKARiTij+JII0UFA=
-6,-4,qBQkhz96AGwCwnNPCxasu9s+t0E=,z3VEsbVhwjEckpbs4TqKyQaQG5o=
-7,-5,qBQkhz96AGwCwnNPCxasu9s+t0E=,WRv+J5gnvVa9d1ommv5bnFtjup4=
-9,-4,qBQkhz96AGwCwnNPCxasu9s+t0E=,nu58DIYTs3+7mAE3kmgY6QVDTyE=
-6,-5,qBQkhz96AGwCwnNPCxasu9s+t0E=,oLIdWxMNXGdrv2yDkdS7KE13aMo=
-8,-4,qBQkhz96AGwCwnNPCxasu9s+t0E=,EC5oSulwE3hMuhMRZWOIN3tkMtU=
-7,-4,qBQkhz96AGwCwnNPCxasu9s+t0E=,EC5oSulwE3hMuhMRZWOIN3tkMtU=
-8,-5,qBQkhz96AGwCwnNPCxasu9s+t0E=,WRv+J5gnvVa9d1ommv5bnFtjup4=
-6,-6,qBQkhz96AGwCwnNPCxasu9s+t0E=,oLIdWxMNXGdrv2yDkdS7KE13aMo=
-7,-7,qBQkhz96AGwCwnNPCxasu9s+t0E=,bduWq4cnBxmeTp2xoN0DG+cIgOQ=
-7,-6,qBQkhz96AGwCwnNPCxasu9s+t0E=,WRv+J5gnvVa9d1ommv5bnFtjup4=
-9,-6,qBQkhz96AGwCwnNPCxasu9s+t0E=,J9aJyr8+AChuKARiTij+JII0UFA=
-9,-7,qBQkhz96AGwCwnNPCxasu9s+t0E=,IYDdLm8GLdO9w7vWTRh3ec8dHcc=
-8,-6,qBQkhz96AGwCwnNPCxasu9s+t0E=,WRv+J5gnvVa9d1ommv5bnFtjup4=
-6,-7,qBQkhz96AGwCwnNPCxasu9s+t0E=,44Q1ckA+yf5RveQ5PKBLvmC0yJc=
-8,-7,qBQkhz96AGwCwnNPCxasu9s+t0E=,bduWq4cnBxmeTp2xoN0DG+cIgOQ=
-11,-8,qBQkhz96AGwCwnNPCxasu9s+t0E=,foGvPPWj6DkK/Y6tk+aYKkTGOjE=
-10,-8,qBQkhz96AGwCwnNPCxasu9s+t0E=,IYDdLm8GLdO9w7vWTRh3ec8dHcc=
-10,-9,qBQkhz96AGwCwnNPCxasu9s+t0E=,EhD2piB6D83wDkcl29jE5oRhnDc=
-11,-9,qBQkhz96AGwCwnNPCxasu9s+t0E=,UO1C3yARBYSRnHv38NQSCPrlAdg=
-9,-8,qBQkhz96AGwCwnNPCxasu9s+t0E=,IYDdLm8GLdO9w7vWTRh3ec8dHcc=
-8,-9,qBQkhz96AGwCwnNPCxasu9s+t0E=,UFtSEnmcDUtpFId7eGbDNJ7Rgls=
-7,-9,qBQkhz96AGwCwnNPCxasu9s+t0E=,UFtSEnmcDUtpFId7eGbDNJ7Rgls=
-8,-8,qBQkhz96AGwCwnNPCxasu9s+t0E=,bduWq4cnBxmeTp2xoN0DG+cIgOQ=
-9,-9,qBQkhz96AGwCwnNPCxasu9s+t0E=,EhD2piB6D83wDkcl29jE5oRhnDc=
-6,-9,qBQkhz96AGwCwnNPCxasu9s+t0E=,QlErmTQzCAvy+H7hZI2aLFUD5sE=
-7,-8,qBQkhz96AGwCwnNPCxasu9s+t0E=,bduWq4cnBxmeTp2xoN0DG+cIgOQ=
-6,-8,qBQkhz96AGwCwnNPCxasu9s+t0E=,44Q1ckA+yf5RveQ5PKBLvmC0yJc=
-10,-11,qBQkhz96AGwCwnNPCxasu9s+t0E=,+kBa83mOgrzEQMaQAd65lROjc48=
-10,-10,qBQkhz96AGwCwnNPCxasu9s+t0E=,EhD2piB6D83wDkcl29jE5oRhnDc=
-11,-11,qBQkhz96AGwCwnNPCxasu9s+t0E=,1/lrxEx4Dxzzo/7vi98Qu3pkDwg=
-11,-10,qBQkhz96AGwCwnNPCxasu9s+t0E=,UO1C3yARBYSRnHv38NQSCPrlAdg=
-8,-10,a601UeJ3jUqUtGMJL+PtGJ0zjq0=,UFtSEnmcDUtpFId7eGbDNJ7Rgls=
-9,-11,a601UeJ3jUqUtGMJL+PtGJ0zjq0=,+kBa83mOgrzEQMaQAd65lROjc48=
-6,-11,a601UeJ3jUqUtGMJL+PtGJ0zjq0=,7JiStmmZn+9OM6YDvcawdCKyndA=
-7,-10,a601UeJ3jUqUtGMJL+PtGJ0zjq0=,UFtSEnmcDUtpFId7eGbDNJ7Rgls=
-8,-11,a601UeJ3jUqUtGMJL+PtGJ0zjq0=,FN5CqQLfom+BtXctWhJu0czFtlE=
-9,-10,a601UeJ3jUqUtGMJL+PtGJ0zjq0=,EhD2piB6D83wDkcl29jE5oRhnDc=
-7,-11,a601UeJ3jUqUtGMJL+PtGJ0zjq0=,FN5CqQLfom+BtXctWhJu0czFtlE=
-6,-10,a601UeJ3jUqUtGMJL+PtGJ0zjq0=,QlErmTQzCAvy+H7hZI2aLFUD5sE=
-11,-12,a601UeJ3jUqUtGMJL+PtGJ0zjq0=,1/lrxEx4Dxzzo/7vi98Qu3pkDwg=
-10,-12,a601UeJ3jUqUtGMJL+PtGJ0zjq0=,+kBa83mOgrzEQMaQAd65lROjc48=
-11,-13,a601UeJ3jUqUtGMJL+PtGJ0zjq0=,Txr18O/BKl9MejTyftyD4WFtgqQ=
-10,-13,a601UeJ3jUqUtGMJL+PtGJ0zjq0=,4lYht0CqBHBNd14AViJIPJt1sr4=
-9,-12,a601UeJ3jUqUtGMJL+PtGJ0zjq0=,+kBa83mOgrzEQMaQAd65lROjc48=
-8,-12,a601UeJ3jUqUtGMJL+PtGJ0zjq0=,FN5CqQLfom+BtXctWhJu0czFtlE=
-6,-12,a601UeJ3jUqUtGMJL+PtGJ0zjq0=,7JiStmmZn+9OM6YDvcawdCKyndA=
-7,-13,a601UeJ3jUqUtGMJL+PtGJ0zjq0=,agQltUsYh9zTvb89nERwe43FKvU=
-8,-13,a601UeJ3jUqUtGMJL+PtGJ0zjq0=,agQltUsYh9zTvb89nERwe43FKvU=
-6,-13,a601UeJ3jUqUtGMJL+PtGJ0zjq0=,RG+RkmjXTr4A3VkXJke6KEOdQCc=
-7,-12,a601UeJ3jUqUtGMJL+PtGJ0zjq0=,FN5CqQLfom+BtXctWhJu0czFtlE=
-9,-13,a601UeJ3jUqUtGMJL+PtGJ0zjq0=,4lYht0CqBHBNd14AViJIPJt1sr4=
-10,-14,a601UeJ3jUqUtGMJL+PtGJ0zjq0=,4lYht0CqBHBNd14AViJIPJt1sr4=
-10,-15,a601UeJ3jUqUtGMJL+PtGJ0zjq0=,wlW8EIMNMmmJOOoFLG1Z/gUcQzs=
-11,-14,a601UeJ3jUqUtGMJL+PtGJ0zjq0=,Txr18O/BKl9MejTyftyD4WFtgqQ=
-11,-15,a601UeJ3jUqUtGMJL+PtGJ0zjq0=,rnSymv3c4Bo0SZhaYYv7Z6RCE3g=
-9,-15,a601UeJ3jUqUtGMJL+PtGJ0zjq0=,wlW8EIMNMmmJOOoFLG1Z/gUcQzs=
-9,-14,a601UeJ3jUqUtGMJL+PtGJ0zjq0=,4lYht0CqBHBNd14AViJIPJt1sr4=
-8,-15,a601UeJ3jUqUtGMJL+PtGJ0zjq0=,VP6Bo++Uyy+2dIztP3j6NKndolY=
-8,-14,a601UeJ3jUqUtGMJL+PtGJ0zjq0=,agQltUsYh9zTvb89nERwe43FKvU=
-6,-15,a601UeJ3jUqUtGMJL+PtGJ0zjq0=,jxqmGxSXshiivMPLq5GP2HEpupo=
-7,-15,a601UeJ3jUqUtGMJL+PtGJ0zjq0=,VP6Bo++Uyy+2dIztP3j6NKndolY=
-6,-14,a601UeJ3jUqUtGMJL+PtGJ0zjq0=,RG+RkmjXTr4A3VkXJke6KEOdQCc=
-7,-14,a601UeJ3jUqUtGMJL+PtGJ0zjq0=,agQltUsYh9zTvb89nERwe43FKvU=
-1,-13,a601UeJ3jUqUtGMJL+PtGJ0zjq0=,fR/5dR6yC+oTrAgv+Wa6bVxmP7g=
-1,-12,a601UeJ3jUqUtGMJL+PtGJ0zjq0=,jCjN7HvNEWwQ6ApG/ak3KrrNXcE=
-1,-10,a601UeJ3jUqUtGMJL+PtGJ0zjq0=,k1ugVoitmH9kGdWXXZzTOXWwu3o=
-1,-11,a601UeJ3jUqUtGMJL+PtGJ0zjq0=,jCjN7HvNEWwQ6ApG/ak3KrrNXcE=
-4,-16,a601UeJ3jUqUtGMJL+PtGJ0zjq0=,NbbJLG6UfcjjMuMcqBE4My12I+c=
-4,-14,a601UeJ3jUqUtGMJL+PtGJ0zjq0=,W0ZRh7owTNytVRKuEHRglvOemuE=
-4,-15,a601UeJ3jUqUtGMJL+PtGJ0zjq0=,NbbJLG6UfcjjMuMcqBE4My12I+c=
-5,-14,a601UeJ3jUqUtGMJL+PtGJ0zjq0=,RG+RkmjXTr4A3VkXJke6KEOdQCc=
-5,-15,a601UeJ3jUqUtGMJL+PtGJ0zjq0=,jxqmGxSXshiivMPLq5GP2HEpupo=
-5,-16,a601UeJ3jUqUtGMJL+PtGJ0zjq0=,jxqmGxSXshiivMPLq5GP2HEpupo=
-1,-8,a601UeJ3jUqUtGMJL+PtGJ0zjq0=,z2cT3SPXd3mVHblyZBbomsVkHNQ=
-1,-9,a601UeJ3jUqUtGMJL+PtGJ0zjq0=,k1ugVoitmH9kGdWXXZzTOXWwu3o=
-1,-6,a601UeJ3jUqUtGMJL+PtGJ0zjq0=,RV+b6Tr4aXNyo/3r+ZgUDt/1AHI=
-1,-7,a601UeJ3jUqUtGMJL+PtGJ0zjq0=,z2cT3SPXd3mVHblyZBbomsVkHNQ=
-1,-5,a601UeJ3jUqUtGMJL+PtGJ0zjq0=,RV+b6Tr4aXNyo/3r+ZgUDt/1AHI=
-1,-4,a601UeJ3jUqUtGMJL+PtGJ0zjq0=,jwhdbeZ+roZtdjuJU8xpA1pMJIc=
-1,-15,a601UeJ3jUqUtGMJL+PtGJ0zjq0=,VL82BTZbjKAzaA6woG1cwvvOPYM=
-1,-14,a601UeJ3jUqUtGMJL+PtGJ0zjq0=,fR/5dR6yC+oTrAgv+Wa6bVxmP7g=
-2,-15,a601UeJ3jUqUtGMJL+PtGJ0zjq0=,VL82BTZbjKAzaA6woG1cwvvOPYM=
-2,-14,a601UeJ3jUqUtGMJL+PtGJ0zjq0=,fR/5dR6yC+oTrAgv+Wa6bVxmP7g=
-2,-16,a601UeJ3jUqUtGMJL+PtGJ0zjq0=,VL82BTZbjKAzaA6woG1cwvvOPYM=
-3,-16,a601UeJ3jUqUtGMJL+PtGJ0zjq0=,NbbJLG6UfcjjMuMcqBE4My12I+c=
-3,-15,a601UeJ3jUqUtGMJL+PtGJ0zjq0=,NbbJLG6UfcjjMuMcqBE4My12I+c=
-3,-14,a601UeJ3jUqUtGMJL+PtGJ0zjq0=,W0ZRh7owTNytVRKuEHRglvOemuE=
-5,-3,pABaDKHfknxKhbBarWAkSZeC+hk=,z3VEsbVhwjEckpbs4TqKyQaQG5o=
-5,-2,pABaDKHfknxKhbBarWAkSZeC+hk=,GVTdXLuL0fbH8PDGtFwS0deixUQ=
-4,-2,pABaDKHfknxKhbBarWAkSZeC+hk=,hd9RigJNhmGdl/3LPimTHTG3dkM=
-4,-3,pABaDKHfknxKhbBarWAkSZeC+hk=,A76LIQvvf+vkurmei7x2RJHhE7g=
-3,-2,pABaDKHfknxKhbBarWAkSZeC+hk=,hd9RigJNhmGdl/3LPimTHTG3dkM=
-2,-3,pABaDKHfknxKhbBarWAkSZeC+hk=,jwhdbeZ+roZtdjuJU8xpA1pMJIc=
-2,-2,pABaDKHfknxKhbBarWAkSZeC+hk=,jxmzLIGV9WhBNm/j5h07hPSW08M=
-3,-3,pABaDKHfknxKhbBarWAkSZeC+hk=,A76LIQvvf+vkurmei7x2RJHhE7g=
-6,-3,pABaDKHfknxKhbBarWAkSZeC+hk=,z3VEsbVhwjEckpbs4TqKyQaQG5o=
-7,-3,pABaDKHfknxKhbBarWAkSZeC+hk=,EC5oSulwE3hMuhMRZWOIN3tkMtU=
-7,-2,pABaDKHfknxKhbBarWAkSZeC+hk=,iQU13gvvMh3mzK1uVeuV6U0RhLo=
-6,-2,pABaDKHfknxKhbBarWAkSZeC+hk=,GVTdXLuL0fbH8PDGtFwS0deixUQ=
-12,-1,pABaDKHfknxKhbBarWAkSZeC+hk=,QFBHRBldOYD8uaZUCNP3Svj/5ew=
-13,-1,pABaDKHfknxKhbBarWAkSZeC+hk=,6RnS8zbpEYjz5meqah8sjtt1I8s=
-14,-1,pABaDKHfknxKhbBarWAkSZeC+hk=,6RnS8zbpEYjz5meqah8sjtt1I8s=
-15,-1,pABaDKHfknxKhbBarWAkSZeC+hk=,amnlseRbVqj7KwiauhDKiOaqd8Q=
-16,-3,pABaDKHfknxKhbBarWAkSZeC+hk=,WgkHSKEI+PZCclCOdfsd/AJdn3k=
-16,-2,pABaDKHfknxKhbBarWAkSZeC+hk=,amnlseRbVqj7KwiauhDKiOaqd8Q=
-16,-6,pABaDKHfknxKhbBarWAkSZeC+hk=,2wi2o6VoFwB24L3yHcnH0Af8Z28=
-16,-4,pABaDKHfknxKhbBarWAkSZeC+hk=,WgkHSKEI+PZCclCOdfsd/AJdn3k=
-16,-7,pABaDKHfknxKhbBarWAkSZeC+hk=,XPwaVukmkEe76C9hhU8eUF4jPjk=
-16,-5,pABaDKHfknxKhbBarWAkSZeC+hk=,2wi2o6VoFwB24L3yHcnH0Af8Z28=
-16,-9,pABaDKHfknxKhbBarWAkSZeC+hk=,BI0CxThuYhDdSjhbAvRKhC3xetc=
-16,-8,pABaDKHfknxKhbBarWAkSZeC+hk=,XPwaVukmkEe76C9hhU8eUF4jPjk=
-16,-11,pABaDKHfknxKhbBarWAkSZeC+hk=,/pSCRnRAVavrrTm8oU5emLwrgko=
-16,-13,pABaDKHfknxKhbBarWAkSZeC+hk=,F9xv2AghYbgaMyHcMfrW5T5NRD4=
-16,-12,pABaDKHfknxKhbBarWAkSZeC+hk=,/pSCRnRAVavrrTm8oU5emLwrgko=
-16,-10,pABaDKHfknxKhbBarWAkSZeC+hk=,BI0CxThuYhDdSjhbAvRKhC3xetc=
-11,-16,pABaDKHfknxKhbBarWAkSZeC+hk=,rnSymv3c4Bo0SZhaYYv7Z6RCE3g=
-10,-16,pABaDKHfknxKhbBarWAkSZeC+hk=,wlW8EIMNMmmJOOoFLG1Z/gUcQzs=
-7,-16,pABaDKHfknxKhbBarWAkSZeC+hk=,VP6Bo++Uyy+2dIztP3j6NKndolY=
-8,-16,pABaDKHfknxKhbBarWAkSZeC+hk=,VP6Bo++Uyy+2dIztP3j6NKndolY=
-9,-16,pABaDKHfknxKhbBarWAkSZeC+hk=,wlW8EIMNMmmJOOoFLG1Z/gUcQzs=
-6,-16,pABaDKHfknxKhbBarWAkSZeC+hk=,jxqmGxSXshiivMPLq5GP2HEpupo=
-11,-3,pABaDKHfknxKhbBarWAkSZeC+hk=,zo8FAA6XPjXWu8HTaWFyQ6ca0vs=
-8,-2,pABaDKHfknxKhbBarWAkSZeC+hk=,iQU13gvvMh3mzK1uVeuV6U0RhLo=
-9,-3,pABaDKHfknxKhbBarWAkSZeC+hk=,nu58DIYTs3+7mAE3kmgY6QVDTyE=
-9,-1,pABaDKHfknxKhbBarWAkSZeC+hk=,H8P3UbUSTnzbfc7j/y2NXxx9qTM=
-10,-3,pABaDKHfknxKhbBarWAkSZeC+hk=,nu58DIYTs3+7mAE3kmgY6QVDTyE=
-8,-3,pABaDKHfknxKhbBarWAkSZeC+hk=,EC5oSulwE3hMuhMRZWOIN3tkMtU=
-8,-1,pABaDKHfknxKhbBarWAkSZeC+hk=,iQU13gvvMh3mzK1uVeuV6U0RhLo=
-11,-2,pABaDKHfknxKhbBarWAkSZeC+hk=,QFBHRBldOYD8uaZUCNP3Svj/5ew=
-10,-1,pABaDKHfknxKhbBarWAkSZeC+hk=,H8P3UbUSTnzbfc7j/y2NXxx9qTM=
-9,-2,pABaDKHfknxKhbBarWAkSZeC+hk=,H8P3UbUSTnzbfc7j/y2NXxx9qTM=
-11,-1,pABaDKHfknxKhbBarWAkSZeC+hk=,QFBHRBldOYD8uaZUCNP3Svj/5ew=
-10,-2,pABaDKHfknxKhbBarWAkSZeC+hk=,H8P3UbUSTnzbfc7j/y2NXxx9qTM=
-16,-1,pABaDKHfknxKhbBarWAkSZeC+hk=,amnlseRbVqj7KwiauhDKiOaqd8Q=
-1,-16,pABaDKHfknxKhbBarWAkSZeC+hk=,VL82BTZbjKAzaA6woG1cwvvOPYM=
-6,-1,pABaDKHfknxKhbBarWAkSZeC+hk=,GVTdXLuL0fbH8PDGtFwS0deixUQ=
-7,-1,pABaDKHfknxKhbBarWAkSZeC+hk=,iQU13gvvMh3mzK1uVeuV6U0RhLo=
-4,-1,pABaDKHfknxKhbBarWAkSZeC+hk=,hd9RigJNhmGdl/3LPimTHTG3dkM=
-5,-1,pABaDKHfknxKhbBarWAkSZeC+hk=,GVTdXLuL0fbH8PDGtFwS0deixUQ=
-3,-1,pABaDKHfknxKhbBarWAkSZeC+hk=,hd9RigJNhmGdl/3LPimTHTG3dkM=
-2,-1,pABaDKHfknxKhbBarWAkSZeC+hk=,jxmzLIGV9WhBNm/j5h07hPSW08M=
-1,-2,pABaDKHfknxKhbBarWAkSZeC+hk=,jxmzLIGV9WhBNm/j5h07hPSW08M=
-1,-3,pABaDKHfknxKhbBarWAkSZeC+hk=,jwhdbeZ+roZtdjuJU8xpA1pMJIc=
-1,-1,pABaDKHfknxKhbBarWAkSZeC+hk=,jxmzLIGV9WhBNm/j5h07hPSW08M=
-16,-16,pABaDKHfknxKhbBarWAkSZeC+hk=,cNfaz5lqCH8ZwfzvByrzLKbyoRc=
-16,-14,pABaDKHfknxKhbBarWAkSZeC+hk=,F9xv2AghYbgaMyHcMfrW5T5NRD4=
-12,-16,pABaDKHfknxKhbBarWAkSZeC+hk=,rnSymv3c4Bo0SZhaYYv7Z6RCE3g=
-16,-15,pABaDKHfknxKhbBarWAkSZeC+hk=,cNfaz5lqCH8ZwfzvByrzLKbyoRc=
-13,-15,pABaDKHfknxKhbBarWAkSZeC+hk=,j1D1O5bwDQ98q+sL5LUx5XY+KPQ=
-14,-15,pABaDKHfknxKhbBarWAkSZeC+hk=,j1D1O5bwDQ98q+sL5LUx5XY+KPQ=
-13,-16,pABaDKHfknxKhbBarWAkSZeC+hk=,j1D1O5bwDQ98q+sL5LUx5XY+KPQ=
-15,-14,pABaDKHfknxKhbBarWAkSZeC+hk=,F9xv2AghYbgaMyHcMfrW5T5NRD4=
-15,-15,pABaDKHfknxKhbBarWAkSZeC+hk=,cNfaz5lqCH8ZwfzvByrzLKbyoRc=
-15,-16,pABaDKHfknxKhbBarWAkSZeC+hk=,cNfaz5lqCH8ZwfzvByrzLKbyoRc=
-13,-14,pABaDKHfknxKhbBarWAkSZeC+hk=,rWGOoRgJy1+B6tyR7cdXqeG12q8=
-12,-15,pABaDKHfknxKhbBarWAkSZeC+hk=,rnSymv3c4Bo0SZhaYYv7Z6RCE3g=
-14,-16,pABaDKHfknxKhbBarWAkSZeC+hk=,j1D1O5bwDQ98q+sL5LUx5XY+KPQ=
-14,-14,pABaDKHfknxKhbBarWAkSZeC+hk=,rWGOoRgJy1+B6tyR7cdXqeG12q8=
-12,-14,pABaDKHfknxKhbBarWAkSZeC+hk=,Txr18O/BKl9MejTyftyD4WFtgqQ=
-11,-19,S74/0PzTFgWuPqNkxKmL2hjGhOE=,1kyzIQAilTKQjz7lllLyyLE28XI=
-10,-19,S74/0PzTFgWuPqNkxKmL2hjGhOE=,4bBnR4dZuF6DcpEVt0wKXvRn8ZU=
-10,-18,S74/0PzTFgWuPqNkxKmL2hjGhOE=,fS53VARAifAHXC2UMkRXAwB9Jik=
-11,-18,S74/0PzTFgWuPqNkxKmL2hjGhOE=,2d1zLz6NBPx8SPlpb72vRlCM2QM=
-8,-19,S74/0PzTFgWuPqNkxKmL2hjGhOE=,EB6A349gCtL+wlBJL0pyiVD+hQ4=
-9,-19,S74/0PzTFgWuPqNkxKmL2hjGhOE=,4bBnR4dZuF6DcpEVt0wKXvRn8ZU=
-8,-18,S74/0PzTFgWuPqNkxKmL2hjGhOE=,8oN9pNCALIHSkqGBiTHheMETw40=
-9,-18,S74/0PzTFgWuPqNkxKmL2hjGhOE=,fS53VARAifAHXC2UMkRXAwB9Jik=
-6,-19,S74/0PzTFgWuPqNkxKmL2hjGhOE=,bMHvn0kdqbCGBcqf4hiNv64qwBM=
-7,-19,S74/0PzTFgWuPqNkxKmL2hjGhOE=,EB6A349gCtL+wlBJL0pyiVD+hQ4=
-6,-18,S74/0PzTFgWuPqNkxKmL2hjGhOE=,H+cEL0ZSRoFb5/HxLv+f6c0Giw8=
-7,-18,S74/0PzTFgWuPqNkxKmL2hjGhOE=,8oN9pNCALIHSkqGBiTHheMETw40=
-7,-17,S74/0PzTFgWuPqNkxKmL2hjGhOE=,8oN9pNCALIHSkqGBiTHheMETw40=
-6,-17,S74/0PzTFgWuPqNkxKmL2hjGhOE=,H+cEL0ZSRoFb5/HxLv+f6c0Giw8=
-8,-17,S74/0PzTFgWuPqNkxKmL2hjGhOE=,8oN9pNCALIHSkqGBiTHheMETw40=
-9,-17,S74/0PzTFgWuPqNkxKmL2hjGhOE=,fS53VARAifAHXC2UMkRXAwB9Jik=
-2,-20,S74/0PzTFgWuPqNkxKmL2hjGhOE=,LafZk07jyKVe28AlzbWicUIVpRc=
-3,-20,S74/0PzTFgWuPqNkxKmL2hjGhOE=,mZcH3G8otZICabYikEY4XNk0JnM=
-10,-17,S74/0PzTFgWuPqNkxKmL2hjGhOE=,fS53VARAifAHXC2UMkRXAwB9Jik=
-11,-17,S74/0PzTFgWuPqNkxKmL2hjGhOE=,2d1zLz6NBPx8SPlpb72vRlCM2QM=
-4,-19,S74/0PzTFgWuPqNkxKmL2hjGhOE=,mZcH3G8otZICabYikEY4XNk0JnM=
-5,-19,S74/0PzTFgWuPqNkxKmL2hjGhOE=,bMHvn0kdqbCGBcqf4hiNv64qwBM=
-5,-18,S74/0PzTFgWuPqNkxKmL2hjGhOE=,H+cEL0ZSRoFb5/HxLv+f6c0Giw8=
-4,-18,S74/0PzTFgWuPqNkxKmL2hjGhOE=,x5d4mG0XsfHwc1SFSx7loQy14YM=
-4,-17,S74/0PzTFgWuPqNkxKmL2hjGhOE=,x5d4mG0XsfHwc1SFSx7loQy14YM=
-5,-17,S74/0PzTFgWuPqNkxKmL2hjGhOE=,H+cEL0ZSRoFb5/HxLv+f6c0Giw8=
-3,-19,S74/0PzTFgWuPqNkxKmL2hjGhOE=,mZcH3G8otZICabYikEY4XNk0JnM=
-2,-19,S74/0PzTFgWuPqNkxKmL2hjGhOE=,LafZk07jyKVe28AlzbWicUIVpRc=
-1,-19,S74/0PzTFgWuPqNkxKmL2hjGhOE=,LafZk07jyKVe28AlzbWicUIVpRc=
-1,-18,S74/0PzTFgWuPqNkxKmL2hjGhOE=,3hY2CIQ2TWkrTNakQp3W1KYc3uk=
-2,-18,S74/0PzTFgWuPqNkxKmL2hjGhOE=,3hY2CIQ2TWkrTNakQp3W1KYc3uk=
-3,-17,S74/0PzTFgWuPqNkxKmL2hjGhOE=,x5d4mG0XsfHwc1SFSx7loQy14YM=
-3,-18,S74/0PzTFgWuPqNkxKmL2hjGhOE=,x5d4mG0XsfHwc1SFSx7loQy14YM=
-2,-17,S74/0PzTFgWuPqNkxKmL2hjGhOE=,3hY2CIQ2TWkrTNakQp3W1KYc3uk=
-14,-20,S74/0PzTFgWuPqNkxKmL2hjGhOE=,1KgrvGx+rWib4hE6hG7Jv96a7qk=
-15,-20,S74/0PzTFgWuPqNkxKmL2hjGhOE=,3OFxsyh3BX3UPaiAO2aKJAukSrQ=
-16,-20,S74/0PzTFgWuPqNkxKmL2hjGhOE=,3OFxsyh3BX3UPaiAO2aKJAukSrQ=
-13,-20,S74/0PzTFgWuPqNkxKmL2hjGhOE=,1KgrvGx+rWib4hE6hG7Jv96a7qk=
-12,-20,S74/0PzTFgWuPqNkxKmL2hjGhOE=,1kyzIQAilTKQjz7lllLyyLE28XI=
-13,-19,S74/0PzTFgWuPqNkxKmL2hjGhOE=,1KgrvGx+rWib4hE6hG7Jv96a7qk=
-12,-19,S74/0PzTFgWuPqNkxKmL2hjGhOE=,1kyzIQAilTKQjz7lllLyyLE28XI=
-10,-20,S74/0PzTFgWuPqNkxKmL2hjGhOE=,4bBnR4dZuF6DcpEVt0wKXvRn8ZU=
-8,-20,S74/0PzTFgWuPqNkxKmL2hjGhOE=,EB6A349gCtL+wlBJL0pyiVD+hQ4=
-9,-20,S74/0PzTFgWuPqNkxKmL2hjGhOE=,4bBnR4dZuF6DcpEVt0wKXvRn8ZU=
-11,-20,S74/0PzTFgWuPqNkxKmL2hjGhOE=,1kyzIQAilTKQjz7lllLyyLE28XI=
-4,-20,S74/0PzTFgWuPqNkxKmL2hjGhOE=,mZcH3G8otZICabYikEY4XNk0JnM=
-1,-20,S74/0PzTFgWuPqNkxKmL2hjGhOE=,LafZk07jyKVe28AlzbWicUIVpRc=
-5,-20,S74/0PzTFgWuPqNkxKmL2hjGhOE=,bMHvn0kdqbCGBcqf4hiNv64qwBM=
-6,-20,S74/0PzTFgWuPqNkxKmL2hjGhOE=,bMHvn0kdqbCGBcqf4hiNv64qwBM=
-7,-20,S74/0PzTFgWuPqNkxKmL2hjGhOE=,EB6A349gCtL+wlBJL0pyiVD+hQ4=
-13,-17,S74/0PzTFgWuPqNkxKmL2hjGhOE=,o0x3n0yMP5e0jQ8HRxq+tEsWivU=
-13,-18,S74/0PzTFgWuPqNkxKmL2hjGhOE=,o0x3n0yMP5e0jQ8HRxq+tEsWivU=
-12,-18,S74/0PzTFgWuPqNkxKmL2hjGhOE=,2d1zLz6NBPx8SPlpb72vRlCM2QM=
-12,-17,S74/0PzTFgWuPqNkxKmL2hjGhOE=,2d1zLz6NBPx8SPlpb72vRlCM2QM=
-1,-17,S74/0PzTFgWuPqNkxKmL2hjGhOE=,3hY2CIQ2TWkrTNakQp3W1KYc3uk=
-15,-19,8hUVFsf8wdelm+3iWaFlbDcbX6g=,3OFxsyh3BX3UPaiAO2aKJAukSrQ=
-16,-19,8hUVFsf8wdelm+3iWaFlbDcbX6g=,3OFxsyh3BX3UPaiAO2aKJAukSrQ=
-14,-19,8hUVFsf8wdelm+3iWaFlbDcbX6g=,1KgrvGx+rWib4hE6hG7Jv96a7qk=
-16,-18,8hUVFsf8wdelm+3iWaFlbDcbX6g=,97M/I88JHaBuo7S5AMhMti7WYJI=
-15,-18,8hUVFsf8wdelm+3iWaFlbDcbX6g=,97M/I88JHaBuo7S5AMhMti7WYJI=
-14,-18,8hUVFsf8wdelm+3iWaFlbDcbX6g=,o0x3n0yMP5e0jQ8HRxq+tEsWivU=
-16,-17,8hUVFsf8wdelm+3iWaFlbDcbX6g=,97M/I88JHaBuo7S5AMhMti7WYJI=
-14,-17,8hUVFsf8wdelm+3iWaFlbDcbX6g=,o0x3n0yMP5e0jQ8HRxq+tEsWivU=
-15,-17,8hUVFsf8wdelm+3iWaFlbDcbX6g=,97M/I88JHaBuo7S5AMhMti7WYJI=
-23,-19,mcD+1U7IH7FNPnqc6nU3K2mK4cg=,2MiT47FO5NALmeNY1iirZ6WvtHI=
-22,-19,mcD+1U7IH7FNPnqc6nU3K2mK4cg=,iZUXlI7LsLqr742GIcV0ArEEvtM=
-23,-18,mcD+1U7IH7FNPnqc6nU3K2mK4cg=,YP8LLmG3s4KgTjf3v57Wad8niyQ=
-22,-18,mcD+1U7IH7FNPnqc6nU3K2mK4cg=,Ug+kyjNWetgEzzE7tHeh92Uq/sY=
-25,-19,mcD+1U7IH7FNPnqc6nU3K2mK4cg=,U6ZUUsuERXJUrNjLgEfd/CVNrr0=
-24,-19,mcD+1U7IH7FNPnqc6nU3K2mK4cg=,2MiT47FO5NALmeNY1iirZ6WvtHI=
-24,-18,mcD+1U7IH7FNPnqc6nU3K2mK4cg=,YP8LLmG3s4KgTjf3v57Wad8niyQ=
-25,-18,mcD+1U7IH7FNPnqc6nU3K2mK4cg=,m9M5etAlJd1W3vrCzjRJ/GVhpxs=
-21,-19,mcD+1U7IH7FNPnqc6nU3K2mK4cg=,iZUXlI7LsLqr742GIcV0ArEEvtM=
-20,-19,mcD+1U7IH7FNPnqc6nU3K2mK4cg=,J75Mec56qgOMiIOGHtUMWEP7yrE=
-20,-18,mcD+1U7IH7FNPnqc6nU3K2mK4cg=,Ji8JoOcYt/sF7WATYAsy2q5sXwU=
-21,-18,mcD+1U7IH7FNPnqc6nU3K2mK4cg=,Ug+kyjNWetgEzzE7tHeh92Uq/sY=
-27,-19,Ud0wcZRf5EQoHeJ79V6wDu/KTQw=,+qhNwRVY4CfFXGyV8/nZULGqezM=
-26,-19,Ud0wcZRf5EQoHeJ79V6wDu/KTQw=,U6ZUUsuERXJUrNjLgEfd/CVNrr0=
-27,-18,Ud0wcZRf5EQoHeJ79V6wDu/KTQw=,PyMI+urlyoiNDYVLWxFcSjYd4kE=
-26,-18,Ud0wcZRf5EQoHeJ79V6wDu/KTQw=,m9M5etAlJd1W3vrCzjRJ/GVhpxs=
-28,-19,Ud0wcZRf5EQoHeJ79V6wDu/KTQw=,+qhNwRVY4CfFXGyV8/nZULGqezM=
-29,-19,Ud0wcZRf5EQoHeJ79V6wDu/KTQw=,FjGRNrKBEvLGQ0hrlvTvn7baLZI=
-20,-20,Ud0wcZRf5EQoHeJ79V6wDu/KTQw=,J75Mec56qgOMiIOGHtUMWEP7yrE=
-21,-20,Ud0wcZRf5EQoHeJ79V6wDu/KTQw=,iZUXlI7LsLqr742GIcV0ArEEvtM=
-29,-18,Ud0wcZRf5EQoHeJ79V6wDu/KTQw=,0CfosOOnOAfdoK7PE4jP+s5mhDU=
-28,-18,Ud0wcZRf5EQoHeJ79V6wDu/KTQw=,PyMI+urlyoiNDYVLWxFcSjYd4kE=
-21,-17,Ud0wcZRf5EQoHeJ79V6wDu/KTQw=,Ug+kyjNWetgEzzE7tHeh92Uq/sY=
-20,-17,Ud0wcZRf5EQoHeJ79V6wDu/KTQw=,Ji8JoOcYt/sF7WATYAsy2q5sXwU=
-22,-17,Ud0wcZRf5EQoHeJ79V6wDu/KTQw=,Ug+kyjNWetgEzzE7tHeh92Uq/sY=
-23,-17,Ud0wcZRf5EQoHeJ79V6wDu/KTQw=,YP8LLmG3s4KgTjf3v57Wad8niyQ=
-25,-17,Ud0wcZRf5EQoHeJ79V6wDu/KTQw=,m9M5etAlJd1W3vrCzjRJ/GVhpxs=
-24,-17,Ud0wcZRf5EQoHeJ79V6wDu/KTQw=,YP8LLmG3s4KgTjf3v57Wad8niyQ=
-31,-19,Ud0wcZRf5EQoHeJ79V6wDu/KTQw=,QDkCg2iIncqE/kSGSRwDEHtdC0A=
-32,-19,Ud0wcZRf5EQoHeJ79V6wDu/KTQw=,QDkCg2iIncqE/kSGSRwDEHtdC0A=
-26,-17,Ud0wcZRf5EQoHeJ79V6wDu/KTQw=,m9M5etAlJd1W3vrCzjRJ/GVhpxs=
-30,-19,Ud0wcZRf5EQoHeJ79V6wDu/KTQw=,FjGRNrKBEvLGQ0hrlvTvn7baLZI=
-27,-17,Ud0wcZRf5EQoHeJ79V6wDu/KTQw=,PyMI+urlyoiNDYVLWxFcSjYd4kE=
-29,-17,Ud0wcZRf5EQoHeJ79V6wDu/KTQw=,0CfosOOnOAfdoK7PE4jP+s5mhDU=
-28,-17,Ud0wcZRf5EQoHeJ79V6wDu/KTQw=,PyMI+urlyoiNDYVLWxFcSjYd4kE=
-26,-20,Ud0wcZRf5EQoHeJ79V6wDu/KTQw=,U6ZUUsuERXJUrNjLgEfd/CVNrr0=
-27,-20,Ud0wcZRf5EQoHeJ79V6wDu/KTQw=,+qhNwRVY4CfFXGyV8/nZULGqezM=
-22,-20,Ud0wcZRf5EQoHeJ79V6wDu/KTQw=,iZUXlI7LsLqr742GIcV0ArEEvtM=
-23,-20,Ud0wcZRf5EQoHeJ79V6wDu/KTQw=,2MiT47FO5NALmeNY1iirZ6WvtHI=
-25,-20,Ud0wcZRf5EQoHeJ79V6wDu/KTQw=,U6ZUUsuERXJUrNjLgEfd/CVNrr0=
-32,-18,Ud0wcZRf5EQoHeJ79V6wDu/KTQw=,tyz4YuG15Ldtgo0GQ5BAYgMIuvs=
-24,-20,Ud0wcZRf5EQoHeJ79V6wDu/KTQw=,2MiT47FO5NALmeNY1iirZ6WvtHI=
-32,-17,Ud0wcZRf5EQoHeJ79V6wDu/KTQw=,tyz4YuG15Ldtgo0GQ5BAYgMIuvs=
-30,-17,Ud0wcZRf5EQoHeJ79V6wDu/KTQw=,0CfosOOnOAfdoK7PE4jP+s5mhDU=
-31,-17,Ud0wcZRf5EQoHeJ79V6wDu/KTQw=,tyz4YuG15Ldtgo0GQ5BAYgMIuvs=
-30,-18,Ud0wcZRf5EQoHeJ79V6wDu/KTQw=,0CfosOOnOAfdoK7PE4jP+s5mhDU=
-31,-18,Ud0wcZRf5EQoHeJ79V6wDu/KTQw=,tyz4YuG15Ldtgo0GQ5BAYgMIuvs=
-30,-20,Ud0wcZRf5EQoHeJ79V6wDu/KTQw=,FjGRNrKBEvLGQ0hrlvTvn7baLZI=
-32,-20,Ud0wcZRf5EQoHeJ79V6wDu/KTQw=,QDkCg2iIncqE/kSGSRwDEHtdC0A=
-28,-20,Ud0wcZRf5EQoHeJ79V6wDu/KTQw=,+qhNwRVY4CfFXGyV8/nZULGqezM=
-31,-20,Ud0wcZRf5EQoHeJ79V6wDu/KTQw=,QDkCg2iIncqE/kSGSRwDEHtdC0A=
-29,-20,Ud0wcZRf5EQoHeJ79V6wDu/KTQw=,FjGRNrKBEvLGQ0hrlvTvn7baLZI=
-19,-20,Ud0wcZRf5EQoHeJ79V6wDu/KTQw=,J75Mec56qgOMiIOGHtUMWEP7yrE=
-18,-20,Ud0wcZRf5EQoHeJ79V6wDu/KTQw=,zLm7voRxnOSWlo3wTEn8W+cQicE=
-17,-20,Ud0wcZRf5EQoHeJ79V6wDu/KTQw=,zLm7voRxnOSWlo3wTEn8W+cQicE=
-19,-19,Ud0wcZRf5EQoHeJ79V6wDu/KTQw=,J75Mec56qgOMiIOGHtUMWEP7yrE=
-18,-19,Ud0wcZRf5EQoHeJ79V6wDu/KTQw=,zLm7voRxnOSWlo3wTEn8W+cQicE=
-17,-19,Ud0wcZRf5EQoHeJ79V6wDu/KTQw=,zLm7voRxnOSWlo3wTEn8W+cQicE=
-17,-18,Ud0wcZRf5EQoHeJ79V6wDu/KTQw=,kherP02Fil+ZNvPQUFSGOsU77E4=
-18,-17,Ud0wcZRf5EQoHeJ79V6wDu/KTQw=,kherP02Fil+ZNvPQUFSGOsU77E4=
-17,-17,Ud0wcZRf5EQoHeJ79V6wDu/KTQw=,kherP02Fil+ZNvPQUFSGOsU77E4=
-18,-18,Ud0wcZRf5EQoHeJ79V6wDu/KTQw=,kherP02Fil+ZNvPQUFSGOsU77E4=
-19,-18,Ud0wcZRf5EQoHeJ79V6wDu/KTQw=,Ji8JoOcYt/sF7WATYAsy2q5sXwU=
-19,-17,Ud0wcZRf5EQoHeJ79V6wDu/KTQw=,Ji8JoOcYt/sF7WATYAsy2q5sXwU=
-24,-12,SH+yTT/ns27wnHEis0M81rzOJLs=,XYf/d3JycDvJytK9jlNHBuDVAf4=
-25,-12,SH+yTT/ns27wnHEis0M81rzOJLs=,STyz9i12KWSbm6CUrV9axTzcGX4=
-25,-13,SH+yTT/ns27wnHEis0M81rzOJLs=,4zvRT+sDr6c1mfRc+75OkVHYR8c=
-24,-13,SH+yTT/ns27wnHEis0M81rzOJLs=,w1nB2hW1nL7DzYXOZeInw4bxlbE=
-23,-11,SH+yTT/ns27wnHEis0M81rzOJLs=,XYf/d3JycDvJytK9jlNHBuDVAf4=
-22,-10,SH+yTT/ns27wnHEis0M81rzOJLs=,W4SqZNvjspVhKGOCMOffJ5/exws=
-23,-10,SH+yTT/ns27wnHEis0M81rzOJLs=,Wy9j8l4TIyMQg672jaddimxuK54=
-22,-11,SH+yTT/ns27wnHEis0M81rzOJLs=,vzPoqmHpcRi0h9JDA6SDOjruyRs=
-23,-9,XINNbQ9Olbug9POH9VjNbKmug/0=,Wy9j8l4TIyMQg672jaddimxuK54=
-23,-8,XINNbQ9Olbug9POH9VjNbKmug/0=,AOV9VPwE+fgAFkk+Ht1eOyRj3Io=
-22,-8,XINNbQ9Olbug9POH9VjNbKmug/0=,ce+qcXbh2JUrNb9zr2Tn4UBG1b8=
-22,-9,XINNbQ9Olbug9POH9VjNbKmug/0=,W4SqZNvjspVhKGOCMOffJ5/exws=
-23,-6,XINNbQ9Olbug9POH9VjNbKmug/0=,d46fFyZK1VPiGM+F2dUwURxydok=
-23,-7,XINNbQ9Olbug9POH9VjNbKmug/0=,AOV9VPwE+fgAFkk+Ht1eOyRj3Io=
-22,-7,XINNbQ9Olbug9POH9VjNbKmug/0=,ce+qcXbh2JUrNb9zr2Tn4UBG1b8=
-22,-6,XINNbQ9Olbug9POH9VjNbKmug/0=,EKcko2lS6crGdjiZIu57mKeKGKg=
-23,-4,XINNbQ9Olbug9POH9VjNbKmug/0=,axuI4xu+GNqgkaBf4SDM1ihgoL8=
-22,-4,XINNbQ9Olbug9POH9VjNbKmug/0=,WA5MGR8H78Mi5bVrKBD0AVYMkaQ=
-23,-5,XINNbQ9Olbug9POH9VjNbKmug/0=,d46fFyZK1VPiGM+F2dUwURxydok=
-22,-5,XINNbQ9Olbug9POH9VjNbKmug/0=,EKcko2lS6crGdjiZIu57mKeKGKg=
-22,-3,XINNbQ9Olbug9POH9VjNbKmug/0=,WA5MGR8H78Mi5bVrKBD0AVYMkaQ=
-23,-3,XINNbQ9Olbug9POH9VjNbKmug/0=,axuI4xu+GNqgkaBf4SDM1ihgoL8=
-22,-2,XINNbQ9Olbug9POH9VjNbKmug/0=,49rSg8fch7S4vS+N39g2iKc7YuI=
-23,-2,XINNbQ9Olbug9POH9VjNbKmug/0=,nmfGkQAUFnSeTqdXuBbFTxDdl8g=
-20,-2,mDlMzKlrmiMGR2ed+fVDAXjdDMI=,cceNweTWXEXzr1MiEB9BSheIxD4=
-21,-4,mDlMzKlrmiMGR2ed+fVDAXjdDMI=,WA5MGR8H78Mi5bVrKBD0AVYMkaQ=
-20,-3,mDlMzKlrmiMGR2ed+fVDAXjdDMI=,QEF8Lr9aLr1O0MZccXAcEVYIeRQ=
-21,-3,mDlMzKlrmiMGR2ed+fVDAXjdDMI=,WA5MGR8H78Mi5bVrKBD0AVYMkaQ=
-21,-2,mDlMzKlrmiMGR2ed+fVDAXjdDMI=,49rSg8fch7S4vS+N39g2iKc7YuI=
-20,-5,mDlMzKlrmiMGR2ed+fVDAXjdDMI=,oPRhTgg8MXVE7SRtVFZHYPb0DzU=
-20,-4,mDlMzKlrmiMGR2ed+fVDAXjdDMI=,QEF8Lr9aLr1O0MZccXAcEVYIeRQ=
-21,-5,mDlMzKlrmiMGR2ed+fVDAXjdDMI=,EKcko2lS6crGdjiZIu57mKeKGKg=
-20,-6,mDlMzKlrmiMGR2ed+fVDAXjdDMI=,oPRhTgg8MXVE7SRtVFZHYPb0DzU=
-20,-7,mDlMzKlrmiMGR2ed+fVDAXjdDMI=,/9bqLyVq+XnrpPliiY6Im9sTANw=
-21,-6,mDlMzKlrmiMGR2ed+fVDAXjdDMI=,EKcko2lS6crGdjiZIu57mKeKGKg=
-21,-7,mDlMzKlrmiMGR2ed+fVDAXjdDMI=,ce+qcXbh2JUrNb9zr2Tn4UBG1b8=
-20,-9,mDlMzKlrmiMGR2ed+fVDAXjdDMI=,RuW+QcwrfQerYpiRgNXFKagAztA=
-21,-8,mDlMzKlrmiMGR2ed+fVDAXjdDMI=,ce+qcXbh2JUrNb9zr2Tn4UBG1b8=
-21,-9,mDlMzKlrmiMGR2ed+fVDAXjdDMI=,W4SqZNvjspVhKGOCMOffJ5/exws=
-20,-8,mDlMzKlrmiMGR2ed+fVDAXjdDMI=,/9bqLyVq+XnrpPliiY6Im9sTANw=
-20,-10,mDlMzKlrmiMGR2ed+fVDAXjdDMI=,RuW+QcwrfQerYpiRgNXFKagAztA=
-21,-11,mDlMzKlrmiMGR2ed+fVDAXjdDMI=,vzPoqmHpcRi0h9JDA6SDOjruyRs=
-20,-11,mDlMzKlrmiMGR2ed+fVDAXjdDMI=,PYrBwnBBOo0aFvopaZt3i6gLoxw=
-21,-10,mDlMzKlrmiMGR2ed+fVDAXjdDMI=,W4SqZNvjspVhKGOCMOffJ5/exws=
-18,-13,mDlMzKlrmiMGR2ed+fVDAXjdDMI=,C2LZ17QNzPAaX+4pDUYWjeEtKtg=
-19,-13,mDlMzKlrmiMGR2ed+fVDAXjdDMI=,72WpDV069AIwUZCvlgR4Eq5kfco=
-19,-12,mDlMzKlrmiMGR2ed+fVDAXjdDMI=,PYrBwnBBOo0aFvopaZt3i6gLoxw=
-18,-12,mDlMzKlrmiMGR2ed+fVDAXjdDMI=,xKv/OEmyH9kbgTKWU3bOyJOs/V0=
-23,-13,9WKIAf/8RSvLI6UDL8S0s+FSiKs=,w1nB2hW1nL7DzYXOZeInw4bxlbE=
-22,-12,9WKIAf/8RSvLI6UDL8S0s+FSiKs=,vzPoqmHpcRi0h9JDA6SDOjruyRs=
-21,-13,9WKIAf/8RSvLI6UDL8S0s+FSiKs=,fbEKjKY+P1t4ywDgXPRVdVGkVhw=
-20,-13,9WKIAf/8RSvLI6UDL8S0s+FSiKs=,72WpDV069AIwUZCvlgR4Eq5kfco=
-20,-12,9WKIAf/8RSvLI6UDL8S0s+FSiKs=,PYrBwnBBOo0aFvopaZt3i6gLoxw=
-21,-12,9WKIAf/8RSvLI6UDL8S0s+FSiKs=,vzPoqmHpcRi0h9JDA6SDOjruyRs=
-23,-12,9WKIAf/8RSvLI6UDL8S0s+FSiKs=,XYf/d3JycDvJytK9jlNHBuDVAf4=
-22,-13,9WKIAf/8RSvLI6UDL8S0s+FSiKs=,fbEKjKY+P1t4ywDgXPRVdVGkVhw=
-20,-14,9WKIAf/8RSvLI6UDL8S0s+FSiKs=,72WpDV069AIwUZCvlgR4Eq5kfco=
-21,-15,9WKIAf/8RSvLI6UDL8S0s+FSiKs=,6GXPXKG6dGYXS1SujurpvWmHIdU=
-20,-15,9WKIAf/8RSvLI6UDL8S0s+FSiKs=,L7n9nzDwmYeXwvrjg/R1nXbl17w=
-21,-14,9WKIAf/8RSvLI6UDL8S0s+FSiKs=,fbEKjKY+P1t4ywDgXPRVdVGkVhw=
-22,-14,9WKIAf/8RSvLI6UDL8S0s+FSiKs=,fbEKjKY+P1t4ywDgXPRVdVGkVhw=
-23,-14,9WKIAf/8RSvLI6UDL8S0s+FSiKs=,w1nB2hW1nL7DzYXOZeInw4bxlbE=
-23,-15,9WKIAf/8RSvLI6UDL8S0s+FSiKs=,Ufz1gXN0Q2L3ZbMQoxqpMwQdVQE=
-22,-15,9WKIAf/8RSvLI6UDL8S0s+FSiKs=,6GXPXKG6dGYXS1SujurpvWmHIdU=
-24,-14,9WKIAf/8RSvLI6UDL8S0s+FSiKs=,w1nB2hW1nL7DzYXOZeInw4bxlbE=
-25,-15,9WKIAf/8RSvLI6UDL8S0s+FSiKs=,QZ1gRLy9hXyCpNyPExLhL9ok3Kc=
-24,-15,9WKIAf/8RSvLI6UDL8S0s+FSiKs=,Ufz1gXN0Q2L3ZbMQoxqpMwQdVQE=
-25,-14,9WKIAf/8RSvLI6UDL8S0s+FSiKs=,4zvRT+sDr6c1mfRc+75OkVHYR8c=
-26,-15,9WKIAf/8RSvLI6UDL8S0s+FSiKs=,QZ1gRLy9hXyCpNyPExLhL9ok3Kc=
-27,-15,9WKIAf/8RSvLI6UDL8S0s+FSiKs=,3nEjB+zQ672nwiL42CiNI+0nqVs=
-26,-14,9WKIAf/8RSvLI6UDL8S0s+FSiKs=,4zvRT+sDr6c1mfRc+75OkVHYR8c=
-27,-14,9WKIAf/8RSvLI6UDL8S0s+FSiKs=,+y5pasWZx/KWFui6JmpWDtMDT2M=
-28,-15,p3XpKwGheZz+KsLULsIDt5HEvF0=,3nEjB+zQ672nwiL42CiNI+0nqVs=
-29,-15,p3XpKwGheZz+KsLULsIDt5HEvF0=,5CobUzGQH1PrAaqb3Oykz/5J5as=
-29,-14,p3XpKwGheZz+KsLULsIDt5HEvF0=,wmDJx8M/8lE3eLim0q/2u8CHf44=
-28,-14,p3XpKwGheZz+KsLULsIDt5HEvF0=,+y5pasWZx/KWFui6JmpWDtMDT2M=
-29,-12,p3XpKwGheZz+KsLULsIDt5HEvF0=,TwxhRNoang9OfgMWHjUvyeKKR1M=
-28,-12,p3XpKwGheZz+KsLULsIDt5HEvF0=,j6kJzxsc/m5j9LLgL/8dfqosRVU=
-26,-13,p3XpKwGheZz+KsLULsIDt5HEvF0=,4zvRT+sDr6c1mfRc+75OkVHYR8c=
-27,-12,p3XpKwGheZz+KsLULsIDt5HEvF0=,j6kJzxsc/m5j9LLgL/8dfqosRVU=
-29,-13,p3XpKwGheZz+KsLULsIDt5HEvF0=,wmDJx8M/8lE3eLim0q/2u8CHf44=
-27,-13,p3XpKwGheZz+KsLULsIDt5HEvF0=,+y5pasWZx/KWFui6JmpWDtMDT2M=
-28,-13,p3XpKwGheZz+KsLULsIDt5HEvF0=,+y5pasWZx/KWFui6JmpWDtMDT2M=
-26,-12,p3XpKwGheZz+KsLULsIDt5HEvF0=,STyz9i12KWSbm6CUrV9axTzcGX4=
-30,-12,p3XpKwGheZz+KsLULsIDt5HEvF0=,TwxhRNoang9OfgMWHjUvyeKKR1M=
-31,-12,p3XpKwGheZz+KsLULsIDt5HEvF0=,xNH3rNBp8H4s9FK/ewMXklZIL8k=
-31,-13,p3XpKwGheZz+KsLULsIDt5HEvF0=,UL9IoRq78LgFEDE8N+omcfzCCW8=
-30,-13,p3XpKwGheZz+KsLULsIDt5HEvF0=,wmDJx8M/8lE3eLim0q/2u8CHf44=
-29,-10,p3XpKwGheZz+KsLULsIDt5HEvF0=,MaAXwXYQHXQh6KHGDPjxqtdgu8A=
-28,-10,p3XpKwGheZz+KsLULsIDt5HEvF0=,pX/Z4ErI6MAEB7HjtTTX8UtZv7w=
-28,-11,p3XpKwGheZz+KsLULsIDt5HEvF0=,j6kJzxsc/m5j9LLgL/8dfqosRVU=
-29,-11,p3XpKwGheZz+KsLULsIDt5HEvF0=,TwxhRNoang9OfgMWHjUvyeKKR1M=
-30,-10,01BjD2uAW1C6gz+GmHWnwHCftNc=,MaAXwXYQHXQh6KHGDPjxqtdgu8A=
-31,-10,01BjD2uAW1C6gz+GmHWnwHCftNc=,13DUKFZiAxKk4O4F2fmwq0V/OT4=
-30,-11,01BjD2uAW1C6gz+GmHWnwHCftNc=,TwxhRNoang9OfgMWHjUvyeKKR1M=
-31,-11,01BjD2uAW1C6gz+GmHWnwHCftNc=,xNH3rNBp8H4s9FK/ewMXklZIL8k=
-27,-10,01BjD2uAW1C6gz+GmHWnwHCftNc=,pX/Z4ErI6MAEB7HjtTTX8UtZv7w=
-27,-11,01BjD2uAW1C6gz+GmHWnwHCftNc=,j6kJzxsc/m5j9LLgL/8dfqosRVU=
-26,-10,01BjD2uAW1C6gz+GmHWnwHCftNc=,R6PQeHT0IH3ecdqYzWAZP5imgvQ=
-26,-11,01BjD2uAW1C6gz+GmHWnwHCftNc=,STyz9i12KWSbm6CUrV9axTzcGX4=
-25,-11,01BjD2uAW1C6gz+GmHWnwHCftNc=,STyz9i12KWSbm6CUrV9axTzcGX4=
-25,-10,01BjD2uAW1C6gz+GmHWnwHCftNc=,R6PQeHT0IH3ecdqYzWAZP5imgvQ=
-24,-11,01BjD2uAW1C6gz+GmHWnwHCftNc=,XYf/d3JycDvJytK9jlNHBuDVAf4=
-24,-10,01BjD2uAW1C6gz+GmHWnwHCftNc=,Wy9j8l4TIyMQg672jaddimxuK54=
-25,-8,01BjD2uAW1C6gz+GmHWnwHCftNc=,OQtmKGyxTNCF0QOgncv0dGkRP/Q=
-24,-8,01BjD2uAW1C6gz+GmHWnwHCftNc=,AOV9VPwE+fgAFkk+Ht1eOyRj3Io=
-27,-8,01BjD2uAW1C6gz+GmHWnwHCftNc=,wkAZRhVfk7nhroEscPY0wmAx1T8=
-26,-8,01BjD2uAW1C6gz+GmHWnwHCftNc=,OQtmKGyxTNCF0QOgncv0dGkRP/Q=
-27,-9,01BjD2uAW1C6gz+GmHWnwHCftNc=,pX/Z4ErI6MAEB7HjtTTX8UtZv7w=
-24,-9,01BjD2uAW1C6gz+GmHWnwHCftNc=,Wy9j8l4TIyMQg672jaddimxuK54=
-25,-9,01BjD2uAW1C6gz+GmHWnwHCftNc=,R6PQeHT0IH3ecdqYzWAZP5imgvQ=
-26,-9,01BjD2uAW1C6gz+GmHWnwHCftNc=,R6PQeHT0IH3ecdqYzWAZP5imgvQ=
-28,-8,01BjD2uAW1C6gz+GmHWnwHCftNc=,wkAZRhVfk7nhroEscPY0wmAx1T8=
-29,-8,01BjD2uAW1C6gz+GmHWnwHCftNc=,A//zk7d6uEiVU3incSNzT8K/V0o=
-29,-9,01BjD2uAW1C6gz+GmHWnwHCftNc=,MaAXwXYQHXQh6KHGDPjxqtdgu8A=
-28,-9,01BjD2uAW1C6gz+GmHWnwHCftNc=,pX/Z4ErI6MAEB7HjtTTX8UtZv7w=
-29,-7,01BjD2uAW1C6gz+GmHWnwHCftNc=,A//zk7d6uEiVU3incSNzT8K/V0o=
-29,-6,01BjD2uAW1C6gz+GmHWnwHCftNc=,dJjtECniTpZEPDSpfAsX5yN0S/s=
-28,-6,01BjD2uAW1C6gz+GmHWnwHCftNc=,cVdTT19ej2Z0JEC2t9rZWDX8/0c=
-28,-7,01BjD2uAW1C6gz+GmHWnwHCftNc=,wkAZRhVfk7nhroEscPY0wmAx1T8=
-28,-4,01BjD2uAW1C6gz+GmHWnwHCftNc=,hr5NwBQp9bfUHhtGkQnMmUeWb0Y=
-28,-5,01BjD2uAW1C6gz+GmHWnwHCftNc=,cVdTT19ej2Z0JEC2t9rZWDX8/0c=
-29,-4,01BjD2uAW1C6gz+GmHWnwHCftNc=,g71HWOYOS7kdA7uh6uqUku+yzfA=
-29,-5,01BjD2uAW1C6gz+GmHWnwHCftNc=,dJjtECniTpZEPDSpfAsX5yN0S/s=
-24,-4,4FAmkiptGwJCMjjqIGe9QqtUFtU=,axuI4xu+GNqgkaBf4SDM1ihgoL8=
-25,-5,4FAmkiptGwJCMjjqIGe9QqtUFtU=,4fCQ6hx6clHcx8eBxvwD/RhyWDs=
-26,-7,4FAmkiptGwJCMjjqIGe9QqtUFtU=,OQtmKGyxTNCF0QOgncv0dGkRP/Q=
-26,-5,4FAmkiptGwJCMjjqIGe9QqtUFtU=,4fCQ6hx6clHcx8eBxvwD/RhyWDs=
-25,-4,4FAmkiptGwJCMjjqIGe9QqtUFtU=,uhJlbNRknmUH9HXyUOOOrB4AsOI=
-27,-5,4FAmkiptGwJCMjjqIGe9QqtUFtU=,cVdTT19ej2Z0JEC2t9rZWDX8/0c=
-24,-5,4FAmkiptGwJCMjjqIGe9QqtUFtU=,d46fFyZK1VPiGM+F2dUwURxydok=
-25,-6,4FAmkiptGwJCMjjqIGe9QqtUFtU=,4fCQ6hx6clHcx8eBxvwD/RhyWDs=
-25,-7,4FAmkiptGwJCMjjqIGe9QqtUFtU=,OQtmKGyxTNCF0QOgncv0dGkRP/Q=
-26,-6,4FAmkiptGwJCMjjqIGe9QqtUFtU=,4fCQ6hx6clHcx8eBxvwD/RhyWDs=
-26,-4,4FAmkiptGwJCMjjqIGe9QqtUFtU=,uhJlbNRknmUH9HXyUOOOrB4AsOI=
-27,-7,4FAmkiptGwJCMjjqIGe9QqtUFtU=,wkAZRhVfk7nhroEscPY0wmAx1T8=
-27,-4,4FAmkiptGwJCMjjqIGe9QqtUFtU=,hr5NwBQp9bfUHhtGkQnMmUeWb0Y=
-27,-6,4FAmkiptGwJCMjjqIGe9QqtUFtU=,cVdTT19ej2Z0JEC2t9rZWDX8/0c=
-24,-7,4FAmkiptGwJCMjjqIGe9QqtUFtU=,AOV9VPwE+fgAFkk+Ht1eOyRj3Io=
-24,-6,4FAmkiptGwJCMjjqIGe9QqtUFtU=,d46fFyZK1VPiGM+F2dUwURxydok=
-26,-2,4FAmkiptGwJCMjjqIGe9QqtUFtU=,Kstj8bIfe/gb+6eGawCxnO6STeQ=
-24,-3,4FAmkiptGwJCMjjqIGe9QqtUFtU=,axuI4xu+GNqgkaBf4SDM1ihgoL8=
-27,-3,4FAmkiptGwJCMjjqIGe9QqtUFtU=,hr5NwBQp9bfUHhtGkQnMmUeWb0Y=
-25,-2,4FAmkiptGwJCMjjqIGe9QqtUFtU=,Kstj8bIfe/gb+6eGawCxnO6STeQ=
-25,-3,4FAmkiptGwJCMjjqIGe9QqtUFtU=,uhJlbNRknmUH9HXyUOOOrB4AsOI=
-27,-2,4FAmkiptGwJCMjjqIGe9QqtUFtU=,u0MIJeeSfnZLhI1Xj+fIUhXM1b8=
-24,-2,4FAmkiptGwJCMjjqIGe9QqtUFtU=,nmfGkQAUFnSeTqdXuBbFTxDdl8g=
-26,-3,4FAmkiptGwJCMjjqIGe9QqtUFtU=,uhJlbNRknmUH9HXyUOOOrB4AsOI=
-29,-2,4FAmkiptGwJCMjjqIGe9QqtUFtU=,n/aYBn+9N1FoeTC1Xj2GsVQX94Y=
-28,-3,4FAmkiptGwJCMjjqIGe9QqtUFtU=,hr5NwBQp9bfUHhtGkQnMmUeWb0Y=
-28,-2,4FAmkiptGwJCMjjqIGe9QqtUFtU=,u0MIJeeSfnZLhI1Xj+fIUhXM1b8=
-29,-3,4FAmkiptGwJCMjjqIGe9QqtUFtU=,g71HWOYOS7kdA7uh6uqUku+yzfA=
-31,-2,4FAmkiptGwJCMjjqIGe9QqtUFtU=,iqz32dZ1pDoB2UUcR4tm7PDJuhw=
-30,-3,4FAmkiptGwJCMjjqIGe9QqtUFtU=,g71HWOYOS7kdA7uh6uqUku+yzfA=
-31,-3,4FAmkiptGwJCMjjqIGe9QqtUFtU=,n14gt1GnK0IFqlt6m9Q9iTC8Kco=
-30,-2,4FAmkiptGwJCMjjqIGe9QqtUFtU=,n/aYBn+9N1FoeTC1Xj2GsVQX94Y=
-32,-10,4FAmkiptGwJCMjjqIGe9QqtUFtU=,13DUKFZiAxKk4O4F2fmwq0V/OT4=
-32,-11,4FAmkiptGwJCMjjqIGe9QqtUFtU=,xNH3rNBp8H4s9FK/ewMXklZIL8k=
-32,-13,4FAmkiptGwJCMjjqIGe9QqtUFtU=,UL9IoRq78LgFEDE8N+omcfzCCW8=
-32,-12,4FAmkiptGwJCMjjqIGe9QqtUFtU=,xNH3rNBp8H4s9FK/ewMXklZIL8k=
-30,-5,4FAmkiptGwJCMjjqIGe9QqtUFtU=,dJjtECniTpZEPDSpfAsX5yN0S/s=
-31,-5,4FAmkiptGwJCMjjqIGe9QqtUFtU=,Q520S2f9gWjIAflps8EA0rZMyJM=
-30,-4,4FAmkiptGwJCMjjqIGe9QqtUFtU=,g71HWOYOS7kdA7uh6uqUku+yzfA=
-31,-4,4FAmkiptGwJCMjjqIGe9QqtUFtU=,n14gt1GnK0IFqlt6m9Q9iTC8Kco=
-32,-4,4FAmkiptGwJCMjjqIGe9QqtUFtU=,n14gt1GnK0IFqlt6m9Q9iTC8Kco=
-32,-5,4FAmkiptGwJCMjjqIGe9QqtUFtU=,Q520S2f9gWjIAflps8EA0rZMyJM=
-28,-16,4FAmkiptGwJCMjjqIGe9QqtUFtU=,3nEjB+zQ672nwiL42CiNI+0nqVs=
-29,-16,4FAmkiptGwJCMjjqIGe9QqtUFtU=,5CobUzGQH1PrAaqb3Oykz/5J5as=
-27,-16,4FAmkiptGwJCMjjqIGe9QqtUFtU=,3nEjB+zQ672nwiL42CiNI+0nqVs=
-26,-16,4FAmkiptGwJCMjjqIGe9QqtUFtU=,QZ1gRLy9hXyCpNyPExLhL9ok3Kc=
-24,-16,4FAmkiptGwJCMjjqIGe9QqtUFtU=,Ufz1gXN0Q2L3ZbMQoxqpMwQdVQE=
-25,-16,4FAmkiptGwJCMjjqIGe9QqtUFtU=,QZ1gRLy9hXyCpNyPExLhL9ok3Kc=
-23,-16,4FAmkiptGwJCMjjqIGe9QqtUFtU=,Ufz1gXN0Q2L3ZbMQoxqpMwQdVQE=
-22,-16,4FAmkiptGwJCMjjqIGe9QqtUFtU=,6GXPXKG6dGYXS1SujurpvWmHIdU=
-20,-16,4FAmkiptGwJCMjjqIGe9QqtUFtU=,L7n9nzDwmYeXwvrjg/R1nXbl17w=
-21,-16,4FAmkiptGwJCMjjqIGe9QqtUFtU=,6GXPXKG6dGYXS1SujurpvWmHIdU=
-31,-9,4FAmkiptGwJCMjjqIGe9QqtUFtU=,13DUKFZiAxKk4O4F2fmwq0V/OT4=
-32,-8,4FAmkiptGwJCMjjqIGe9QqtUFtU=,QSg01hGHovkLT3kStG+lOhgfI48=
-32,-7,4FAmkiptGwJCMjjqIGe9QqtUFtU=,QSg01hGHovkLT3kStG+lOhgfI48=
-32,-9,4FAmkiptGwJCMjjqIGe9QqtUFtU=,13DUKFZiAxKk4O4F2fmwq0V/OT4=
-31,-7,4FAmkiptGwJCMjjqIGe9QqtUFtU=,QSg01hGHovkLT3kStG+lOhgfI48=
-31,-8,4FAmkiptGwJCMjjqIGe9QqtUFtU=,QSg01hGHovkLT3kStG+lOhgfI48=
-30,-9,4FAmkiptGwJCMjjqIGe9QqtUFtU=,MaAXwXYQHXQh6KHGDPjxqtdgu8A=
-30,-8,4FAmkiptGwJCMjjqIGe9QqtUFtU=,A//zk7d6uEiVU3incSNzT8K/V0o=
-31,-6,4FAmkiptGwJCMjjqIGe9QqtUFtU=,Q520S2f9gWjIAflps8EA0rZMyJM=
-30,-6,4FAmkiptGwJCMjjqIGe9QqtUFtU=,dJjtECniTpZEPDSpfAsX5yN0S/s=
-30,-7,4FAmkiptGwJCMjjqIGe9QqtUFtU=,A//zk7d6uEiVU3incSNzT8K/V0o=
-32,-6,4FAmkiptGwJCMjjqIGe9QqtUFtU=,Q520S2f9gWjIAflps8EA0rZMyJM=
-17,-12,CQRPetNJLPgBdlS35bxrgC8Te8M=,xKv/OEmyH9kbgTKWU3bOyJOs/V0=
-17,-13,CQRPetNJLPgBdlS35bxrgC8Te8M=,C2LZ17QNzPAaX+4pDUYWjeEtKtg=
-31,-15,CQRPetNJLPgBdlS35bxrgC8Te8M=,ajPueCuUHpM9QzbYAwrcsCvJC/o=
-30,-15,CQRPetNJLPgBdlS35bxrgC8Te8M=,5CobUzGQH1PrAaqb3Oykz/5J5as=
-31,-16,CQRPetNJLPgBdlS35bxrgC8Te8M=,ajPueCuUHpM9QzbYAwrcsCvJC/o=
-30,-16,CQRPetNJLPgBdlS35bxrgC8Te8M=,5CobUzGQH1PrAaqb3Oykz/5J5as=
-32,-14,CQRPetNJLPgBdlS35bxrgC8Te8M=,UL9IoRq78LgFEDE8N+omcfzCCW8=
-31,-14,CQRPetNJLPgBdlS35bxrgC8Te8M=,UL9IoRq78LgFEDE8N+omcfzCCW8=
-30,-14,CQRPetNJLPgBdlS35bxrgC8Te8M=,wmDJx8M/8lE3eLim0q/2u8CHf44=
-32,-15,CQRPetNJLPgBdlS35bxrgC8Te8M=,ajPueCuUHpM9QzbYAwrcsCvJC/o=
-17,-14,CQRPetNJLPgBdlS35bxrgC8Te8M=,C2LZ17QNzPAaX+4pDUYWjeEtKtg=
-18,-15,CQRPetNJLPgBdlS35bxrgC8Te8M=,3O/hWp3jD9bOs2guZQ8i10hRyK0=
-18,-16,CQRPetNJLPgBdlS35bxrgC8Te8M=,3O/hWp3jD9bOs2guZQ8i10hRyK0=
-19,-15,CQRPetNJLPgBdlS35bxrgC8Te8M=,L7n9nzDwmYeXwvrjg/R1nXbl17w=
-19,-16,CQRPetNJLPgBdlS35bxrgC8Te8M=,L7n9nzDwmYeXwvrjg/R1nXbl17w=
-17,-15,CQRPetNJLPgBdlS35bxrgC8Te8M=,3O/hWp3jD9bOs2guZQ8i10hRyK0=
-18,-14,CQRPetNJLPgBdlS35bxrgC8Te8M=,C2LZ17QNzPAaX+4pDUYWjeEtKtg=
-19,-14,CQRPetNJLPgBdlS35bxrgC8Te8M=,72WpDV069AIwUZCvlgR4Eq5kfco=
-18,-10,CQRPetNJLPgBdlS35bxrgC8Te8M=,32twt8T5cwjdh+9akusjyD9PQoM=
-19,-10,CQRPetNJLPgBdlS35bxrgC8Te8M=,RuW+QcwrfQerYpiRgNXFKagAztA=
-18,-11,CQRPetNJLPgBdlS35bxrgC8Te8M=,xKv/OEmyH9kbgTKWU3bOyJOs/V0=
-19,-11,CQRPetNJLPgBdlS35bxrgC8Te8M=,PYrBwnBBOo0aFvopaZt3i6gLoxw=
-19,-9,CQRPetNJLPgBdlS35bxrgC8Te8M=,RuW+QcwrfQerYpiRgNXFKagAztA=
-19,-8,CQRPetNJLPgBdlS35bxrgC8Te8M=,/9bqLyVq+XnrpPliiY6Im9sTANw=
-18,-8,CQRPetNJLPgBdlS35bxrgC8Te8M=,5s7HzNc+VNMavHn02DKV92xU9uU=
-18,-9,CQRPetNJLPgBdlS35bxrgC8Te8M=,32twt8T5cwjdh+9akusjyD9PQoM=
-21,-1,CQRPetNJLPgBdlS35bxrgC8Te8M=,49rSg8fch7S4vS+N39g2iKc7YuI=
-20,-1,CQRPetNJLPgBdlS35bxrgC8Te8M=,cceNweTWXEXzr1MiEB9BSheIxD4=
-22,-1,CQRPetNJLPgBdlS35bxrgC8Te8M=,49rSg8fch7S4vS+N39g2iKc7YuI=
-23,-1,CQRPetNJLPgBdlS35bxrgC8Te8M=,nmfGkQAUFnSeTqdXuBbFTxDdl8g=
-24,-1,CQRPetNJLPgBdlS35bxrgC8Te8M=,nmfGkQAUFnSeTqdXuBbFTxDdl8g=
-25,-1,CQRPetNJLPgBdlS35bxrgC8Te8M=,Kstj8bIfe/gb+6eGawCxnO6STeQ=
-26,-1,CQRPetNJLPgBdlS35bxrgC8Te8M=,Kstj8bIfe/gb+6eGawCxnO6STeQ=
-27,-1,CQRPetNJLPgBdlS35bxrgC8Te8M=,u0MIJeeSfnZLhI1Xj+fIUhXM1b8=
-18,-6,r1okSPkyW4yK/4UHKxjvSsVfEVg=,grLmHHmRmZRMX67LN9hFJDHZxR0=
-19,-6,r1okSPkyW4yK/4UHKxjvSsVfEVg=,oPRhTgg8MXVE7SRtVFZHYPb0DzU=
-19,-7,r1okSPkyW4yK/4UHKxjvSsVfEVg=,/9bqLyVq+XnrpPliiY6Im9sTANw=
-18,-7,r1okSPkyW4yK/4UHKxjvSsVfEVg=,5s7HzNc+VNMavHn02DKV92xU9uU=
-29,-1,r1okSPkyW4yK/4UHKxjvSsVfEVg=,n/aYBn+9N1FoeTC1Xj2GsVQX94Y=
-28,-1,r1okSPkyW4yK/4UHKxjvSsVfEVg=,u0MIJeeSfnZLhI1Xj+fIUhXM1b8=
-30,-1,r1okSPkyW4yK/4UHKxjvSsVfEVg=,n/aYBn+9N1FoeTC1Xj2GsVQX94Y=
-31,-1,r1okSPkyW4yK/4UHKxjvSsVfEVg=,iqz32dZ1pDoB2UUcR4tm7PDJuhw=
-32,-3,r1okSPkyW4yK/4UHKxjvSsVfEVg=,n14gt1GnK0IFqlt6m9Q9iTC8Kco=
-32,-2,r1okSPkyW4yK/4UHKxjvSsVfEVg=,iqz32dZ1pDoB2UUcR4tm7PDJuhw=
-32,-1,r1okSPkyW4yK/4UHKxjvSsVfEVg=,iqz32dZ1pDoB2UUcR4tm7PDJuhw=
-32,-16,r1okSPkyW4yK/4UHKxjvSsVfEVg=,ajPueCuUHpM9QzbYAwrcsCvJC/o=
-17,-11,r1okSPkyW4yK/4UHKxjvSsVfEVg=,xKv/OEmyH9kbgTKWU3bOyJOs/V0=
-17,-10,r1okSPkyW4yK/4UHKxjvSsVfEVg=,32twt8T5cwjdh+9akusjyD9PQoM=
-17,-9,r1okSPkyW4yK/4UHKxjvSsVfEVg=,32twt8T5cwjdh+9akusjyD9PQoM=
-17,-7,r1okSPkyW4yK/4UHKxjvSsVfEVg=,5s7HzNc+VNMavHn02DKV92xU9uU=
-17,-6,r1okSPkyW4yK/4UHKxjvSsVfEVg=,grLmHHmRmZRMX67LN9hFJDHZxR0=
-17,-8,r1okSPkyW4yK/4UHKxjvSsVfEVg=,5s7HzNc+VNMavHn02DKV92xU9uU=
-19,-5,r1okSPkyW4yK/4UHKxjvSsVfEVg=,oPRhTgg8MXVE7SRtVFZHYPb0DzU=
-17,-16,r1okSPkyW4yK/4UHKxjvSsVfEVg=,3O/hWp3jD9bOs2guZQ8i10hRyK0=
-17,-5,r1okSPkyW4yK/4UHKxjvSsVfEVg=,grLmHHmRmZRMX67LN9hFJDHZxR0=
-18,-5,r1okSPkyW4yK/4UHKxjvSsVfEVg=,grLmHHmRmZRMX67LN9hFJDHZxR0=
-19,-4,r1okSPkyW4yK/4UHKxjvSsVfEVg=,QEF8Lr9aLr1O0MZccXAcEVYIeRQ=
-18,-4,r1okSPkyW4yK/4UHKxjvSsVfEVg=,/o+Z/gy7GE7nfnDSrGRkj5fYkvk=
-17,-4,r1okSPkyW4yK/4UHKxjvSsVfEVg=,/o+Z/gy7GE7nfnDSrGRkj5fYkvk=
-19,-2,r1okSPkyW4yK/4UHKxjvSsVfEVg=,cceNweTWXEXzr1MiEB9BSheIxD4=
-19,-3,r1okSPkyW4yK/4UHKxjvSsVfEVg=,QEF8Lr9aLr1O0MZccXAcEVYIeRQ=
-18,-2,r1okSPkyW4yK/4UHKxjvSsVfEVg=,o1nHIAzlj1pBKN/kVa/7GnJSypI=
-19,-1,r1okSPkyW4yK/4UHKxjvSsVfEVg=,cceNweTWXEXzr1MiEB9BSheIxD4=
-17,-1,r1okSPkyW4yK/4UHKxjvSsVfEVg=,o1nHIAzlj1pBKN/kVa/7GnJSypI=
-17,-2,r1okSPkyW4yK/4UHKxjvSsVfEVg=,o1nHIAzlj1pBKN/kVa/7GnJSypI=
-18,-3,r1okSPkyW4yK/4UHKxjvSsVfEVg=,/o+Z/gy7GE7nfnDSrGRkj5fYkvk=
-18,-1,r1okSPkyW4yK/4UHKxjvSsVfEVg=,o1nHIAzlj1pBKN/kVa/7GnJSypI=
-17,-3,r1okSPkyW4yK/4UHKxjvSsVfEVg=,/o+Z/gy7GE7nfnDSrGRkj5fYkvk=
