2,1,QdENF4b2Jka1VR7sFa7VpokpvTE=,wfKwgfF6GyOhSC04qBMlagUSAhk=
2,2,QdENF4b2Jka1VR7sFa7VpokpvTE=,nZAz/iUI4+FHWDImzOIAhsRbYPE=
1,2,QdENF4b2Jka1VR7sFa7VpokpvTE=,ryhNFnta0djiGpFyqrDjSbwtmCA=
1,1,QdENF4b2Jka1VR7sFa7VpokpvTE=,hNImi87iQHh2JyD3EeRuiEUdI5Q=
1,3,QdENF4b2Jka1VR7sFa7VpokpvTE=,ryhNFnta0djiGpFyqrDjSbwtmCA=
1,4,QdENF4b2Jka1VR7sFa7VpokpvTE=,BjraeoJu/NTiZoi+nC3NTT7yeOo=
2,3,QdENF4b2Jka1VR7sFa7VpokpvTE=,nZAz/iUI4+FHWDImzOIAhsRbYPE=
2,4,QdENF4b2Jka1VR7sFa7VpokpvTE=,fa4rO8mVud87Ms8FUuhP1ElwA8k=
1,6,siOH8Xn2gYHQnE65k8Rn5pTnvnM=,StbXhI4y3QcK+HBrx63lRIOGpE4=
1,5,siOH8Xn2gYHQnE65k8Rn5pTnvnM=,BjraeoJu/NTiZoi+nC3NTT7yeOo=
2,5,siOH8Xn2gYHQnE65k8Rn5pTnvnM=,fa4rO8mVud87Ms8FUuhP1ElwA8k=
2,6,siOH8Xn2gYHQnE65k8Rn5pTnvnM=,5Z8WlyT0kMTc1fbwAhRLdWYp15U=
1,7,siOH8Xn2gYHQnE65k8Rn5pTnvnM=,StbXhI4y3QcK+HBrx63lRIOGpE4=
2,8,siOH8Xn2gYHQnE65k8Rn5pTnvnM=,08XpO17aWN6ek/5iG6XfHwCZZDE=
1,8,siOH8Xn2gYHQnE65k8Rn5pTnvnM=,qckEixf/MlE3my42TZ2SJRDbxR0=
2,7,siOH8Xn2gYHQnE65k8Rn5pTnvnM=,5Z8WlyT0kMTc1fbwAhRLdWYp15U=
1,9,siOH8Xn2gYHQnE65k8Rn5pTnvnM=,qckEixf/MlE3my42TZ2SJRDbxR0=
1,10,siOH8Xn2gYHQnE65k8Rn5pTnvnM=,3Q1AgA+OJceFz2qvnmIBu594P+U=
2,9,siOH8Xn2gYHQnE65k8Rn5pTnvnM=,08XpO17aWN6ek/5iG6XfHwCZZDE=
2,10,siOH8Xn2gYHQnE65k8Rn5pTnvnM=,4vWYstIOOtNqZipkY/T9zebJNCw=
1,12,siOH8Xn2gYHQnE65k8Rn5pTnvnM=,jGPDKmNCOJjbLJpEQciQHzBEc9E=
2,11,siOH8Xn2gYHQnE65k8Rn5pTnvnM=,4vWYstIOOtNqZipkY/T9zebJNCw=
1,11,siOH8Xn2gYHQnE65k8Rn5pTnvnM=,3Q1AgA+OJceFz2qvnmIBu594P+U=
2,12,siOH8Xn2gYHQnE65k8Rn5pTnvnM=,VbJqDNw39I4bzgJlgaFoK3h60us=
2,13,Aihm4KQiW963j8q8k8eFSMsCcgw=,VbJqDNw39I4bzgJlgaFoK3h60us=
1,13,Aihm4KQiW963j8q8k8eFSMsCcgw=,jGPDKmNCOJjbLJpEQciQHzBEc9E=
1,14,Aihm4KQiW963j8q8k8eFSMsCcgw=,aiG4UO3+XHGSRwOqiMmX6U1+6d4=
2,14,Aihm4KQiW963j8q8k8eFSMsCcgw=,gloobm7UhhKsb+KVhKJAZOsN7T4=
4,13,Aihm4KQiW963j8q8k8eFSMsCcgw=,McdbwLJif1zl2CMvmuFScpvAy6Y=
3,13,Aihm4KQiW963j8q8k8eFSMsCcgw=,VbJqDNw39I4bzgJlgaFoK3h60us=
3,14,Aihm4KQiW963j8q8k8eFSMsCcgw=,gloobm7UhhKsb+KVhKJAZOsN7T4=
4,14,Aihm4KQiW963j8q8k8eFSMsCcgw=,Eqhwmxz6lQFv+oh3hJ0TMlMFS0k=
3,12,Aihm4KQiW963j8q8k8eFSMsCcgw=,VbJqDNw39I4bzgJlgaFoK3h60us=
4,12,Aihm4KQiW963j8q8k8eFSMsCcgw=,McdbwLJif1zl2CMvmuFScpvAy6Y=
4,11,Aihm4KQiW963j8q8k8eFSMsCcgw=,u6Ip/eOq7z6C4D81ye6KTNhedQE=
3,11,Aihm4KQiW963j8q8k8eFSMsCcgw=,4vWYstIOOtNqZipkY/T9zebJNCw=
3,9,B4Ek2T1KnRY9cqmuDs/kB6F90wI=,08XpO17aWN6ek/5iG6XfHwCZZDE=
4,9,B4Ek2T1KnRY9cqmuDs/kB6F90wI=,VxSyrtxUNC0DhBd/MiIrkPGll3E=
4,10,B4Ek2T1KnRY9cqmuDs/kB6F90wI=,u6Ip/eOq7z6C4D81ye6KTNhedQE=
3,10,B4Ek2T1KnRY9cqmuDs/kB6F90wI=,4vWYstIOOtNqZipkY/T9zebJNCw=
4,8,B4Ek2T1KnRY9cqmuDs/kB6F90wI=,VxSyrtxUNC0DhBd/MiIrkPGll3E=
3,8,B4Ek2T1KnRY9cqmuDs/kB6F90wI=,08XpO17aWN6ek/5iG6XfHwCZZDE=
3,7,B4Ek2T1KnRY9cqmuDs/kB6F90wI=,5Z8WlyT0kMTc1fbwAhRLdWYp15U=
4,7,B4Ek2T1KnRY9cqmuDs/kB6F90wI=,0rawfeLVff8aW9R3kMgqhrEA4f0=
4,3,qBIkEGk4OgV4VNqlRnzim37681M=,rr2hWvUZxRAXgHKKwm7cfBaHDqQ=
3,3,qBIkEGk4OgV4VNqlRnzim37681M=,nZAz/iUI4+FHWDImzOIAhsRbYPE=
3,6,qBIkEGk4OgV4VNqlRnzim37681M=,5Z8WlyT0kMTc1fbwAhRLdWYp15U=
3,4,qBIkEGk4OgV4VNqlRnzim37681M=,fa4rO8mVud87Ms8FUuhP1ElwA8k=
4,6,qBIkEGk4OgV4VNqlRnzim37681M=,0rawfeLVff8aW9R3kMgqhrEA4f0=
4,4,qBIkEGk4OgV4VNqlRnzim37681M=,5nDmRugSi08wH8bJcx7ha4UVofs=
3,5,qBIkEGk4OgV4VNqlRnzim37681M=,fa4rO8mVud87Ms8FUuhP1ElwA8k=
4,5,qBIkEGk4OgV4VNqlRnzim37681M=,5nDmRugSi08wH8bJcx7ha4UVofs=
4,2,P5QLjAc5KxV0pORam5UqLwHwMqA=,rr2hWvUZxRAXgHKKwm7cfBaHDqQ=
3,2,P5QLjAc5KxV0pORam5UqLwHwMqA=,nZAz/iUI4+FHWDImzOIAhsRbYPE=
4,1,P5QLjAc5KxV0pORam5UqLwHwMqA=,hvx9GgDi6levWiLc0IcnKOdM0ig=
3,1,P5QLjAc5KxV0pORam5UqLwHwMqA=,wfKwgfF6GyOhSC04qBMlagUSAhk=
6,3,P5QLjAc5KxV0pORam5UqLwHwMqA=,X4gBwAiWDXBXjQNZkAZVpyUblRo=
5,4,P5QLjAc5KxV0pORam5UqLwHwMqA=,5nDmRugSi08wH8bJcx7ha4UVofs=
6,4,P5QLjAc5KxV0pORam5UqLwHwMqA=,AW7YiuTD/l8L/6CyznZnDj6Obw4=
5,3,P5QLjAc5KxV0pORam5UqLwHwMqA=,rr2hWvUZxRAXgHKKwm7cfBaHDqQ=
6,1,P5QLjAc5KxV0pORam5UqLwHwMqA=,IQJvmruq8I4yRXWItL02uUDpxDY=
5,2,P5QLjAc5KxV0pORam5UqLwHwMqA=,rr2hWvUZxRAXgHKKwm7cfBaHDqQ=
6,2,P5QLjAc5KxV0pORam5UqLwHwMqA=,X4gBwAiWDXBXjQNZkAZVpyUblRo=
5,1,P5QLjAc5KxV0pORam5UqLwHwMqA=,hvx9GgDi6levWiLc0IcnKOdM0ig=
6,6,P5QLjAc5KxV0pORam5UqLwHwMqA=,DK8y7hEQI9xYW6bRFqJjHf7Q/KI=
6,5,P5QLjAc5KxV0pORam5UqLwHwMqA=,AW7YiuTD/l8L/6CyznZnDj6Obw4=
5,6,P5QLjAc5KxV0pORam5UqLwHwMqA=,0rawfeLVff8aW9R3kMgqhrEA4f0=
5,5,P5QLjAc5KxV0pORam5UqLwHwMqA=,5nDmRugSi08wH8bJcx7ha4UVofs=
6,7,P5QLjAc5KxV0pORam5UqLwHwMqA=,DK8y7hEQI9xYW6bRFqJjHf7Q/KI=
6,8,P5QLjAc5KxV0pORam5UqLwHwMqA=,DH0ilfjvifG0Dy3tbbrU7qr/+ok=
5,7,P5QLjAc5KxV0pORam5UqLwHwMqA=,0rawfeLVff8aW9R3kMgqhrEA4f0=
5,8,P5QLjAc5KxV0pORam5UqLwHwMqA=,VxSyrtxUNC0DhBd/MiIrkPGll3E=
6,10,GEIZZi4abq4BP9k2tHThmm9aR3s=,E0xsJWqdzPP8ALalJopBrRtKsMo=
5,10,GEIZZi4abq4BP9k2tHThmm9aR3s=,u6Ip/eOq7z6C4D81ye6KTNhedQE=
5,9,GEIZZi4abq4BP9k2tHThmm9aR3s=,VxSyrtxUNC0DhBd/MiIrkPGll3E=
6,9,GEIZZi4abq4BP9k2tHThmm9aR3s=,DH0ilfjvifG0Dy3tbbrU7qr/+ok=
6,11,GEIZZi4abq4BP9k2tHThmm9aR3s=,E0xsJWqdzPP8ALalJopBrRtKsMo=
5,12,GEIZZi4abq4BP9k2tHThmm9aR3s=,McdbwLJif1zl2CMvmuFScpvAy6Y=
6,12,GEIZZi4abq4BP9k2tHThmm9aR3s=,PDzO31/rpfkM8CjJvSEF/ULS1ac=
5,11,GEIZZi4abq4BP9k2tHThmm9aR3s=,u6Ip/eOq7z6C4D81ye6KTNhedQE=
5,13,GEIZZi4abq4BP9k2tHThmm9aR3s=,McdbwLJif1zl2CMvmuFScpvAy6Y=
6,13,GEIZZi4abq4BP9k2tHThmm9aR3s=,PDzO31/rpfkM8CjJvSEF/ULS1ac=
6,14,GEIZZi4abq4BP9k2tHThmm9aR3s=,0eOrn3/N0lcZZso2Cgcg+3/rlfw=
5,14,GEIZZi4abq4BP9k2tHThmm9aR3s=,Eqhwmxz6lQFv+oh3hJ0TMlMFS0k=
8,12,GEIZZi4abq4BP9k2tHThmm9aR3s=,s+dstt1PXCyYBzmR0xcSKjxF8+4=
7,12,GEIZZi4abq4BP9k2tHThmm9aR3s=,PDzO31/rpfkM8CjJvSEF/ULS1ac=
7,11,GEIZZi4abq4BP9k2tHThmm9aR3s=,E0xsJWqdzPP8ALalJopBrRtKsMo=
8,11,GEIZZi4abq4BP9k2tHThmm9aR3s=,2RJ7tELn/UdoiQ+QMFeG4Xo5hjA=
7,13,GEIZZi4abq4BP9k2tHThmm9aR3s=,PDzO31/rpfkM8CjJvSEF/ULS1ac=
8,14,GEIZZi4abq4BP9k2tHThmm9aR3s=,zwKETyi1A4pk/KMcQmJSxyXecFc=
8,13,GEIZZi4abq4BP9k2tHThmm9aR3s=,s+dstt1PXCyYBzmR0xcSKjxF8+4=
7,14,GEIZZi4abq4BP9k2tHThmm9aR3s=,0eOrn3/N0lcZZso2Cgcg+3/rlfw=
7,10,GEIZZi4abq4BP9k2tHThmm9aR3s=,E0xsJWqdzPP8ALalJopBrRtKsMo=
7,9,GEIZZi4abq4BP9k2tHThmm9aR3s=,DH0ilfjvifG0Dy3tbbrU7qr/+ok=
8,9,GEIZZi4abq4BP9k2tHThmm9aR3s=,vheS3E7mowebf1fuWo/6pSFvQ20=
8,10,GEIZZi4abq4BP9k2tHThmm9aR3s=,2RJ7tELn/UdoiQ+QMFeG4Xo5hjA=
7,7,GEIZZi4abq4BP9k2tHThmm9aR3s=,DK8y7hEQI9xYW6bRFqJjHf7Q/KI=
8,7,GEIZZi4abq4BP9k2tHThmm9aR3s=,BKIG9U2B3NwRHmGbylyNRHrH9Xs=
7,8,GEIZZi4abq4BP9k2tHThmm9aR3s=,DH0ilfjvifG0Dy3tbbrU7qr/+ok=
8,8,GEIZZi4abq4BP9k2tHThmm9aR3s=,vheS3E7mowebf1fuWo/6pSFvQ20=
7,6,WryGXLbUqDEm3gur4d/wxryF5nk=,DK8y7hEQI9xYW6bRFqJjHf7Q/KI=
8,6,WryGXLbUqDEm3gur4d/wxryF5nk=,BKIG9U2B3NwRHmGbylyNRHrH9Xs=
7,5,WryGXLbUqDEm3gur4d/wxryF5nk=,AW7YiuTD/l8L/6CyznZnDj6Obw4=
8,5,WryGXLbUqDEm3gur4d/wxryF5nk=,C4iJeYbk2uu6jJd9cT6Oy8d6xrk=
7,4,WryGXLbUqDEm3gur4d/wxryF5nk=,AW7YiuTD/l8L/6CyznZnDj6Obw4=
8,4,WryGXLbUqDEm3gur4d/wxryF5nk=,C4iJeYbk2uu6jJd9cT6Oy8d6xrk=
8,3,WryGXLbUqDEm3gur4d/wxryF5nk=,dB5egCWcHq9HLbh4NcIVnojRtDs=
7,3,WryGXLbUqDEm3gur4d/wxryF5nk=,X4gBwAiWDXBXjQNZkAZVpyUblRo=
8,1,WryGXLbUqDEm3gur4d/wxryF5nk=,9t8zbOa14rFjCnpovYt7D5y81oA=
8,2,WryGXLbUqDEm3gur4d/wxryF5nk=,dB5egCWcHq9HLbh4NcIVnojRtDs=
7,2,WryGXLbUqDEm3gur4d/wxryF5nk=,X4gBwAiWDXBXjQNZkAZVpyUblRo=
7,1,WryGXLbUqDEm3gur4d/wxryF5nk=,IQJvmruq8I4yRXWItL02uUDpxDY=
10,5,WryGXLbUqDEm3gur4d/wxryF5nk=,QUea3WK1C6c1q+U3dkukomJ4P4o=
10,6,WryGXLbUqDEm3gur4d/wxryF5nk=,OWPjIbDdOOJpwkpIYMiMQ45jtOw=
9,6,WryGXLbUqDEm3gur4d/wxryF5nk=,BKIG9U2B3NwRHmGbylyNRHrH9Xs=
9,5,WryGXLbUqDEm3gur4d/wxryF5nk=,C4iJeYbk2uu6jJd9cT6Oy8d6xrk=
10,4,WryGXLbUqDEm3gur4d/wxryF5nk=,QUea3WK1C6c1q+U3dkukomJ4P4o=
10,3,WryGXLbUqDEm3gur4d/wxryF5nk=,0FQwimk+4VrQHt83Of8TU4r23Ik=
9,4,WryGXLbUqDEm3gur4d/wxryF5nk=,C4iJeYbk2uu6jJd9cT6Oy8d6xrk=
9,3,WryGXLbUqDEm3gur4d/wxryF5nk=,dB5egCWcHq9HLbh4NcIVnojRtDs=
9,1,WryGXLbUqDEm3gur4d/wxryF5nk=,9t8zbOa14rFjCnpovYt7D5y81oA=
10,1,WryGXLbUqDEm3gur4d/wxryF5nk=,63IQI6PzwR8RUEgnvygWzC82ITU=
10,2,WryGXLbUqDEm3gur4d/wxryF5nk=,0FQwimk+4VrQHt83Of8TU4r23Ik=
9,2,WryGXLbUqDEm3gur4d/wxryF5nk=,dB5egCWcHq9HLbh4NcIVnojRtDs=
12,4,El/Nj2PX1f5+ZjKnl7+3KlbGVWQ=,Mu9+Vxwbxyem5Z8jmsNZsL9TgPw=
11,4,El/Nj2PX1f5+ZjKnl7+3KlbGVWQ=,QUea3WK1C6c1q+U3dkukomJ4P4o=
12,3,El/Nj2PX1f5+ZjKnl7+3KlbGVWQ=,5Y58DEeOaofDCvym8mVtyKGblbc=
11,3,El/Nj2PX1f5+ZjKnl7+3KlbGVWQ=,0FQwimk+4VrQHt83Of8TU4r23Ik=
11,2,El/Nj2PX1f5+ZjKnl7+3KlbGVWQ=,0FQwimk+4VrQHt83Of8TU4r23Ik=
12,1,El/Nj2PX1f5+ZjKnl7+3KlbGVWQ=,1V+gNCQS4trFVMcn++gk4CLtA9w=
12,6,El/Nj2PX1f5+ZjKnl7+3KlbGVWQ=,eu8jaHOhLM5nxmXOLeGZQO4V56c=
11,5,El/Nj2PX1f5+ZjKnl7+3KlbGVWQ=,QUea3WK1C6c1q+U3dkukomJ4P4o=
12,5,El/Nj2PX1f5+ZjKnl7+3KlbGVWQ=,Mu9+Vxwbxyem5Z8jmsNZsL9TgPw=
11,6,El/Nj2PX1f5+ZjKnl7+3KlbGVWQ=,OWPjIbDdOOJpwkpIYMiMQ45jtOw=
12,2,El/Nj2PX1f5+ZjKnl7+3KlbGVWQ=,5Y58DEeOaofDCvym8mVtyKGblbc=
11,1,El/Nj2PX1f5+ZjKnl7+3KlbGVWQ=,63IQI6PzwR8RUEgnvygWzC82ITU=
12,7,El/Nj2PX1f5+ZjKnl7+3KlbGVWQ=,eu8jaHOhLM5nxmXOLeGZQO4V56c=
10,8,El/Nj2PX1f5+ZjKnl7+3KlbGVWQ=,JCiw7eMrEyJgIea7jrqrDf5kyZE=
11,8,El/Nj2PX1f5+ZjKnl7+3KlbGVWQ=,JCiw7eMrEyJgIea7jrqrDf5kyZE=
11,7,El/Nj2PX1f5+ZjKnl7+3KlbGVWQ=,OWPjIbDdOOJpwkpIYMiMQ45jtOw=
12,8,El/Nj2PX1f5+ZjKnl7+3KlbGVWQ=,EZQjExU36W2jGWFy6ZQR6IuCcBg=
9,7,El/Nj2PX1f5+ZjKnl7+3KlbGVWQ=,BKIG9U2B3NwRHmGbylyNRHrH9Xs=
9,8,El/Nj2PX1f5+ZjKnl7+3KlbGVWQ=,vheS3E7mowebf1fuWo/6pSFvQ20=
10,7,El/Nj2PX1f5+ZjKnl7+3KlbGVWQ=,OWPjIbDdOOJpwkpIYMiMQ45jtOw=
10,9,El/Nj2PX1f5+ZjKnl7+3KlbGVWQ=,JCiw7eMrEyJgIea7jrqrDf5kyZE=
9,10,El/Nj2PX1f5+ZjKnl7+3KlbGVWQ=,2RJ7tELn/UdoiQ+QMFeG4Xo5hjA=
10,10,El/Nj2PX1f5+ZjKnl7+3KlbGVWQ=,GipfBB9RjB8wOtJID5m+DjSKMpc=
9,9,El/Nj2PX1f5+ZjKnl7+3KlbGVWQ=,vheS3E7mowebf1fuWo/6pSFvQ20=
9,11,El/Nj2PX1f5+ZjKnl7+3KlbGVWQ=,2RJ7tELn/UdoiQ+QMFeG4Xo5hjA=
10,12,El/Nj2PX1f5+ZjKnl7+3KlbGVWQ=,s5r+61lXXAtzCpOYsnlHLseYGt4=
10,11,El/Nj2PX1f5+ZjKnl7+3KlbGVWQ=,GipfBB9RjB8wOtJID5m+DjSKMpc=
9,12,El/Nj2PX1f5+ZjKnl7+3KlbGVWQ=,s+dstt1PXCyYBzmR0xcSKjxF8+4=
9,14,El/Nj2PX1f5+ZjKnl7+3KlbGVWQ=,zwKETyi1A4pk/KMcQmJSxyXecFc=
10,14,El/Nj2PX1f5+ZjKnl7+3KlbGVWQ=,pR6swr2O+jcPwG7SvrMMOPByUJ0=
9,13,El/Nj2PX1f5+ZjKnl7+3KlbGVWQ=,s+dstt1PXCyYBzmR0xcSKjxF8+4=
10,13,El/Nj2PX1f5+ZjKnl7+3KlbGVWQ=,s5r+61lXXAtzCpOYsnlHLseYGt4=
11,10,El/Nj2PX1f5+ZjKnl7+3KlbGVWQ=,GipfBB9RjB8wOtJID5m+DjSKMpc=
12,10,El/Nj2PX1f5+ZjKnl7+3KlbGVWQ=,sH4EZkI7rIh7JdJHNzXBKYXY2ho=
11,9,El/Nj2PX1f5+ZjKnl7+3KlbGVWQ=,JCiw7eMrEyJgIea7jrqrDf5kyZE=
12,9,El/Nj2PX1f5+ZjKnl7+3KlbGVWQ=,EZQjExU36W2jGWFy6ZQR6IuCcBg=
11,11,rJUe2jFFexkt1YWk1nhdI66hgj8=,GipfBB9RjB8wOtJID5m+DjSKMpc=
11,12,rJUe2jFFexkt1YWk1nhdI66hgj8=,s5r+61lXXAtzCpOYsnlHLseYGt4=
12,12,rJUe2jFFexkt1YWk1nhdI66hgj8=,JUt566KAjfvuiR0LEcG3b7QfUSg=
12,11,rJUe2jFFexkt1YWk1nhdI66hgj8=,sH4EZkI7rIh7JdJHNzXBKYXY2ho=
12,13,rJUe2jFFexkt1YWk1nhdI66hgj8=,JUt566KAjfvuiR0LEcG3b7QfUSg=
11,14,rJUe2jFFexkt1YWk1nhdI66hgj8=,pR6swr2O+jcPwG7SvrMMOPByUJ0=
11,13,rJUe2jFFexkt1YWk1nhdI66hgj8=,s5r+61lXXAtzCpOYsnlHLseYGt4=
12,14,rJUe2jFFexkt1YWk1nhdI66hgj8=,l5SkB/l4Ix4ePoFDJ79Hi+XG9RE=
13,12,rJUe2jFFexkt1YWk1nhdI66hgj8=,JUt566KAjfvuiR0LEcG3b7QfUSg=
14,12,rJUe2jFFexkt1YWk1nhdI66hgj8=,jBAbIs7VUgMNUQ3186B0lSUqbbU=
14,11,rJUe2jFFexkt1YWk1nhdI66hgj8=,sOlIp9E6uf8Lp0eyXi28/NylkdI=
13,11,rJUe2jFFexkt1YWk1nhdI66hgj8=,sH4EZkI7rIh7JdJHNzXBKYXY2ho=
13,13,rJUe2jFFexkt1YWk1nhdI66hgj8=,JUt566KAjfvuiR0LEcG3b7QfUSg=
14,13,rJUe2jFFexkt1YWk1nhdI66hgj8=,jBAbIs7VUgMNUQ3186B0lSUqbbU=
14,14,rJUe2jFFexkt1YWk1nhdI66hgj8=,LbU2/T5houMfnuonfNy3AKDdfF8=
14,9,rJUe2jFFexkt1YWk1nhdI66hgj8=,bBLvqCC4zw9JzKgFdpxxN+K/2OA=
13,14,rJUe2jFFexkt1YWk1nhdI66hgj8=,l5SkB/l4Ix4ePoFDJ79Hi+XG9RE=
13,10,rJUe2jFFexkt1YWk1nhdI66hgj8=,sH4EZkI7rIh7JdJHNzXBKYXY2ho=
13,8,rJUe2jFFexkt1YWk1nhdI66hgj8=,EZQjExU36W2jGWFy6ZQR6IuCcBg=
14,8,rJUe2jFFexkt1YWk1nhdI66hgj8=,bBLvqCC4zw9JzKgFdpxxN+K/2OA=
14,10,rJUe2jFFexkt1YWk1nhdI66hgj8=,sOlIp9E6uf8Lp0eyXi28/NylkdI=
13,7,rJUe2jFFexkt1YWk1nhdI66hgj8=,eu8jaHOhLM5nxmXOLeGZQO4V56c=
14,7,rJUe2jFFexkt1YWk1nhdI66hgj8=,ZrfQYC2xpzpiUtS9Dp9eWKsHADc=
13,9,rJUe2jFFexkt1YWk1nhdI66hgj8=,EZQjExU36W2jGWFy6ZQR6IuCcBg=
12,0,rJUe2jFFexkt1YWk1nhdI66hgj8=,1V+gNCQS4trFVMcn++gk4CLtA9w=
11,0,rJUe2jFFexkt1YWk1nhdI66hgj8=,63IQI6PzwR8RUEgnvygWzC82ITU=
10,0,rJUe2jFFexkt1YWk1nhdI66hgj8=,63IQI6PzwR8RUEgnvygWzC82ITU=
9,0,rJUe2jFFexkt1YWk1nhdI66hgj8=,9t8zbOa14rFjCnpovYt7D5y81oA=
14,6,rJUe2jFFexkt1YWk1nhdI66hgj8=,ZrfQYC2xpzpiUtS9Dp9eWKsHADc=
14,5,rJUe2jFFexkt1YWk1nhdI66hgj8=,1DxlcfJxNdDZ1O/Aq0OZQOMQJ34=
13,6,rJUe2jFFexkt1YWk1nhdI66hgj8=,eu8jaHOhLM5nxmXOLeGZQO4V56c=
13,5,rJUe2jFFexkt1YWk1nhdI66hgj8=,Mu9+Vxwbxyem5Z8jmsNZsL9TgPw=
8,0,rJUe2jFFexkt1YWk1nhdI66hgj8=,9t8zbOa14rFjCnpovYt7D5y81oA=
7,0,rJUe2jFFexkt1YWk1nhdI66hgj8=,IQJvmruq8I4yRXWItL02uUDpxDY=
6,0,rJUe2jFFexkt1YWk1nhdI66hgj8=,IQJvmruq8I4yRXWItL02uUDpxDY=
5,0,rJUe2jFFexkt1YWk1nhdI66hgj8=,hvx9GgDi6levWiLc0IcnKOdM0ig=
1,0,rJUe2jFFexkt1YWk1nhdI66hgj8=,hNImi87iQHh2JyD3EeRuiEUdI5Q=
2,0,rJUe2jFFexkt1YWk1nhdI66hgj8=,wfKwgfF6GyOhSC04qBMlagUSAhk=
4,0,rJUe2jFFexkt1YWk1nhdI66hgj8=,hvx9GgDi6levWiLc0IcnKOdM0ig=
3,0,rJUe2jFFexkt1YWk1nhdI66hgj8=,wfKwgfF6GyOhSC04qBMlagUSAhk=
0,0,rJUe2jFFexkt1YWk1nhdI66hgj8=,hNImi87iQHh2JyD3EeRuiEUdI5Q=
0,1,rJUe2jFFexkt1YWk1nhdI66hgj8=,hNImi87iQHh2JyD3EeRuiEUdI5Q=
0,4,rJUe2jFFexkt1YWk1nhdI66hgj8=,BjraeoJu/NTiZoi+nC3NTT7yeOo=
0,3,rJUe2jFFexkt1YWk1nhdI66hgj8=,ryhNFnta0djiGpFyqrDjSbwtmCA=
0,2,rJUe2jFFexkt1YWk1nhdI66hgj8=,ryhNFnta0djiGpFyqrDjSbwtmCA=
0,7,vVrp+QhwJIVZIZP2y+0M0LRSQ2E=,StbXhI4y3QcK+HBrx63lRIOGpE4=
0,8,vVrp+QhwJIVZIZP2y+0M0LRSQ2E=,qckEixf/MlE3my42TZ2SJRDbxR0=
0,5,vVrp+QhwJIVZIZP2y+0M0LRSQ2E=,BjraeoJu/NTiZoi+nC3NTT7yeOo=
0,6,vVrp+QhwJIVZIZP2y+0M0LRSQ2E=,StbXhI4y3QcK+HBrx63lRIOGpE4=
0,9,vVrp+QhwJIVZIZP2y+0M0LRSQ2E=,qckEixf/MlE3my42TZ2SJRDbxR0=
0,10,vVrp+QhwJIVZIZP2y+0M0LRSQ2E=,3Q1AgA+OJceFz2qvnmIBu594P+U=
0,12,vVrp+QhwJIVZIZP2y+0M0LRSQ2E=,jGPDKmNCOJjbLJpEQciQHzBEc9E=
0,11,vVrp+QhwJIVZIZP2y+0M0LRSQ2E=,3Q1AgA+OJceFz2qvnmIBu594P+U=
0,13,vVrp+QhwJIVZIZP2y+0M0LRSQ2E=,jGPDKmNCOJjbLJpEQciQHzBEc9E=
0,14,vVrp+QhwJIVZIZP2y+0M0LRSQ2E=,aiG4UO3+XHGSRwOqiMmX6U1+6d4=
0,15,vVrp+QhwJIVZIZP2y+0M0LRSQ2E=,aiG4UO3+XHGSRwOqiMmX6U1+6d4=
2,15,vVrp+QhwJIVZIZP2y+0M0LRSQ2E=,gloobm7UhhKsb+KVhKJAZOsN7T4=
1,15,vVrp+QhwJIVZIZP2y+0M0LRSQ2E=,aiG4UO3+XHGSRwOqiMmX6U1+6d4=
3,15,vVrp+QhwJIVZIZP2y+0M0LRSQ2E=,gloobm7UhhKsb+KVhKJAZOsN7T4=
4,15,vVrp+QhwJIVZIZP2y+0M0LRSQ2E=,Eqhwmxz6lQFv+oh3hJ0TMlMFS0k=
15,3,vVrp+QhwJIVZIZP2y+0M0LRSQ2E=,T9LjI9TLtcG8ZnyBauQJA1aT4cc=
15,4,vVrp+QhwJIVZIZP2y+0M0LRSQ2E=,1DxlcfJxNdDZ1O/Aq0OZQOMQJ34=
14,3,vVrp+QhwJIVZIZP2y+0M0LRSQ2E=,T9LjI9TLtcG8ZnyBauQJA1aT4cc=
13,4,vVrp+QhwJIVZIZP2y+0M0LRSQ2E=,Mu9+Vxwbxyem5Z8jmsNZsL9TgPw=
13,3,vVrp+QhwJIVZIZP2y+0M0LRSQ2E=,5Y58DEeOaofDCvym8mVtyKGblbc=
14,4,vVrp+QhwJIVZIZP2y+0M0LRSQ2E=,1DxlcfJxNdDZ1O/Aq0OZQOMQJ34=
5,15,vVrp+QhwJIVZIZP2y+0M0LRSQ2E=,Eqhwmxz6lQFv+oh3hJ0TMlMFS0k=
13,1,vVrp+QhwJIVZIZP2y+0M0LRSQ2E=,1V+gNCQS4trFVMcn++gk4CLtA9w=
6,15,vVrp+QhwJIVZIZP2y+0M0LRSQ2E=,0eOrn3/N0lcZZso2Cgcg+3/rlfw=
13,0,vVrp+QhwJIVZIZP2y+0M0LRSQ2E=,1V+gNCQS4trFVMcn++gk4CLtA9w=
15,1,vVrp+QhwJIVZIZP2y+0M0LRSQ2E=,jNo+SmqT8SpTo+HLa20Gq8SX8So=
8,15,vVrp+QhwJIVZIZP2y+0M0LRSQ2E=,zwKETyi1A4pk/KMcQmJSxyXecFc=
15,2,vVrp+QhwJIVZIZP2y+0M0LRSQ2E=,T9LjI9TLtcG8ZnyBauQJA1aT4cc=
13,2,vVrp+QhwJIVZIZP2y+0M0LRSQ2E=,5Y58DEeOaofDCvym8mVtyKGblbc=
7,15,vVrp+QhwJIVZIZP2y+0M0LRSQ2E=,0eOrn3/N0lcZZso2Cgcg+3/rlfw=
14,0,vVrp+QhwJIVZIZP2y+0M0LRSQ2E=,jNo+SmqT8SpTo+HLa20Gq8SX8So=
15,0,vVrp+QhwJIVZIZP2y+0M0LRSQ2E=,jNo+SmqT8SpTo+HLa20Gq8SX8So=
14,2,vVrp+QhwJIVZIZP2y+0M0LRSQ2E=,T9LjI9TLtcG8ZnyBauQJA1aT4cc=
14,1,vVrp+QhwJIVZIZP2y+0M0LRSQ2E=,jNo+SmqT8SpTo+HLa20Gq8SX8So=
9,15,vVrp+QhwJIVZIZP2y+0M0LRSQ2E=,zwKETyi1A4pk/KMcQmJSxyXecFc=
10,15,vVrp+QhwJIVZIZP2y+0M0LRSQ2E=,pR6swr2O+jcPwG7SvrMMOPByUJ0=
11,15,vVrp+QhwJIVZIZP2y+0M0LRSQ2E=,pR6swr2O+jcPwG7SvrMMOPByUJ0=
12,15,vVrp+QhwJIVZIZP2y+0M0LRSQ2E=,l5SkB/l4Ix4ePoFDJ79Hi+XG9RE=
15,12,vVrp+QhwJIVZIZP2y+0M0LRSQ2E=,jBAbIs7VUgMNUQ3186B0lSUqbbU=
15,9,vVrp+QhwJIVZIZP2y+0M0LRSQ2E=,bBLvqCC4zw9JzKgFdpxxN+K/2OA=
14,15,vVrp+QhwJIVZIZP2y+0M0LRSQ2E=,LbU2/T5houMfnuonfNy3AKDdfF8=
13,15,vVrp+QhwJIVZIZP2y+0M0LRSQ2E=,l5SkB/l4Ix4ePoFDJ79Hi+XG9RE=
15,14,vVrp+QhwJIVZIZP2y+0M0LRSQ2E=,LbU2/T5houMfnuonfNy3AKDdfF8=
15,13,vVrp+QhwJIVZIZP2y+0M0LRSQ2E=,jBAbIs7VUgMNUQ3186B0lSUqbbU=
15,11,vVrp+QhwJIVZIZP2y+0M0LRSQ2E=,sOlIp9E6uf8Lp0eyXi28/NylkdI=
15,10,vVrp+QhwJIVZIZP2y+0M0LRSQ2E=,sOlIp9E6uf8Lp0eyXi28/NylkdI=
15,5,vVrp+QhwJIVZIZP2y+0M0LRSQ2E=,1DxlcfJxNdDZ1O/Aq0OZQOMQJ34=
15,7,vVrp+QhwJIVZIZP2y+0M0LRSQ2E=,ZrfQYC2xpzpiUtS9Dp9eWKsHADc=
15,6,vVrp+QhwJIVZIZP2y+0M0LRSQ2E=,ZrfQYC2xpzpiUtS9Dp9eWKsHADc=
15,8,vVrp+QhwJIVZIZP2y+0M0LRSQ2E=,bBLvqCC4zw9JzKgFdpxxN+K/2OA=
15,15,vVrp+QhwJIVZIZP2y+0M0LRSQ2E=,LbU2/T5houMfnuonfNy3AKDdfF8=
10,18,vVrp+QhwJIVZIZP2y+0M0LRSQ2E=,6kUEVN7FEAsQkOWd/ZvVCJo6Evw=
9,18,vVrp+QhwJIVZIZP2y+0M0LRSQ2E=,DAdYDgWrtvEy/uBcPskCmGL8xuo=
9,17,vVrp+QhwJIVZIZP2y+0M0LRSQ2E=,y4Ov2Zspr4iIT5x1vEMPnXwW//U=
10,17,vVrp+QhwJIVZIZP2y+0M0LRSQ2E=,dzVuulHrjcilTJaqVzxYI4/IAG4=
11,18,vVrp+QhwJIVZIZP2y+0M0LRSQ2E=,6kUEVN7FEAsQkOWd/ZvVCJo6Evw=
12,18,vVrp+QhwJIVZIZP2y+0M0LRSQ2E=,hWteYH3gzXjP0ZaDo4FLgzB/oXQ=
11,17,vVrp+QhwJIVZIZP2y+0M0LRSQ2E=,dzVuulHrjcilTJaqVzxYI4/IAG4=
12,17,vVrp+QhwJIVZIZP2y+0M0LRSQ2E=,T9cXPCEfGQbHUamkAEOGJ4U+jn4=
8,18,vVrp+QhwJIVZIZP2y+0M0LRSQ2E=,DAdYDgWrtvEy/uBcPskCmGL8xuo=
7,18,vVrp+QhwJIVZIZP2y+0M0LRSQ2E=,+IHrarwmr+B2u+NgkS4WRkO59Ro=
7,17,vVrp+QhwJIVZIZP2y+0M0LRSQ2E=,5XKxQ1/rzQdIOzn9zxTbLnnbyXs=
8,17,vVrp+QhwJIVZIZP2y+0M0LRSQ2E=,y4Ov2Zspr4iIT5x1vEMPnXwW//U=
6,18,hYLPreGwfeopi7uvyA3nIA9t8IU=,+IHrarwmr+B2u+NgkS4WRkO59Ro=
5,18,hYLPreGwfeopi7uvyA3nIA9t8IU=,WEdMEEvTj69Rc4OQy/BAyE+z7bI=
5,17,hYLPreGwfeopi7uvyA3nIA9t8IU=,0PY6fubgERDD1WXY457s5AioS6g=
6,17,hYLPreGwfeopi7uvyA3nIA9t8IU=,5XKxQ1/rzQdIOzn9zxTbLnnbyXs=
5,16,hYLPreGwfeopi7uvyA3nIA9t8IU=,0PY6fubgERDD1WXY457s5AioS6g=
6,16,hYLPreGwfeopi7uvyA3nIA9t8IU=,5XKxQ1/rzQdIOzn9zxTbLnnbyXs=
7,16,hYLPreGwfeopi7uvyA3nIA9t8IU=,5XKxQ1/rzQdIOzn9zxTbLnnbyXs=
8,16,hYLPreGwfeopi7uvyA3nIA9t8IU=,y4Ov2Zspr4iIT5x1vEMPnXwW//U=
9,16,hYLPreGwfeopi7uvyA3nIA9t8IU=,y4Ov2Zspr4iIT5x1vEMPnXwW//U=
10,16,hYLPreGwfeopi7uvyA3nIA9t8IU=,dzVuulHrjcilTJaqVzxYI4/IAG4=
12,16,hYLPreGwfeopi7uvyA3nIA9t8IU=,T9cXPCEfGQbHUamkAEOGJ4U+jn4=
11,16,hYLPreGwfeopi7uvyA3nIA9t8IU=,dzVuulHrjcilTJaqVzxYI4/IAG4=
3,18,hYLPreGwfeopi7uvyA3nIA9t8IU=,VAGXKRizZ8aqCivX2UxSMLbl4+w=
4,18,hYLPreGwfeopi7uvyA3nIA9t8IU=,WEdMEEvTj69Rc4OQy/BAyE+z7bI=
10,19,hYLPreGwfeopi7uvyA3nIA9t8IU=,6kUEVN7FEAsQkOWd/ZvVCJo6Evw=
9,19,hYLPreGwfeopi7uvyA3nIA9t8IU=,DAdYDgWrtvEy/uBcPskCmGL8xuo=
7,19,hYLPreGwfeopi7uvyA3nIA9t8IU=,+IHrarwmr+B2u+NgkS4WRkO59Ro=
8,19,hYLPreGwfeopi7uvyA3nIA9t8IU=,DAdYDgWrtvEy/uBcPskCmGL8xuo=
3,19,hYLPreGwfeopi7uvyA3nIA9t8IU=,VAGXKRizZ8aqCivX2UxSMLbl4+w=
6,19,hYLPreGwfeopi7uvyA3nIA9t8IU=,+IHrarwmr+B2u+NgkS4WRkO59Ro=
5,19,hYLPreGwfeopi7uvyA3nIA9t8IU=,WEdMEEvTj69Rc4OQy/BAyE+z7bI=
4,19,hYLPreGwfeopi7uvyA3nIA9t8IU=,WEdMEEvTj69Rc4OQy/BAyE+z7bI=
12,19,hYLPreGwfeopi7uvyA3nIA9t8IU=,hWteYH3gzXjP0ZaDo4FLgzB/oXQ=
11,19,hYLPreGwfeopi7uvyA3nIA9t8IU=,6kUEVN7FEAsQkOWd/ZvVCJo6Evw=
4,16,hYLPreGwfeopi7uvyA3nIA9t8IU=,0PY6fubgERDD1WXY457s5AioS6g=
4,17,hYLPreGwfeopi7uvyA3nIA9t8IU=,0PY6fubgERDD1WXY457s5AioS6g=
3,16,hYLPreGwfeopi7uvyA3nIA9t8IU=,CymVSRRw9/R76Xcg+OMfSDDFfW8=
3,17,hYLPreGwfeopi7uvyA3nIA9t8IU=,CymVSRRw9/R76Xcg+OMfSDDFfW8=
1,19,hYLPreGwfeopi7uvyA3nIA9t8IU=,ZcHAvcTJuFEs5KQcInnS2+yeXf0=
2,19,hYLPreGwfeopi7uvyA3nIA9t8IU=,VAGXKRizZ8aqCivX2UxSMLbl4+w=
0,19,hYLPreGwfeopi7uvyA3nIA9t8IU=,ZcHAvcTJuFEs5KQcInnS2+yeXf0=
2,18,hYLPreGwfeopi7uvyA3nIA9t8IU=,VAGXKRizZ8aqCivX2UxSMLbl4+w=
0,18,hYLPreGwfeopi7uvyA3nIA9t8IU=,ZcHAvcTJuFEs5KQcInnS2+yeXf0=
1,18,hYLPreGwfeopi7uvyA3nIA9t8IU=,ZcHAvcTJuFEs5KQcInnS2+yeXf0=
0,16,hYLPreGwfeopi7uvyA3nIA9t8IU=,gctzXj13FnpmErEzLzxGK+gIc0w=
1,16,hYLPreGwfeopi7uvyA3nIA9t8IU=,gctzXj13FnpmErEzLzxGK+gIc0w=
2,17,hYLPreGwfeopi7uvyA3nIA9t8IU=,CymVSRRw9/R76Xcg+OMfSDDFfW8=
2,16,hYLPreGwfeopi7uvyA3nIA9t8IU=,CymVSRRw9/R76Xcg+OMfSDDFfW8=
1,17,hYLPreGwfeopi7uvyA3nIA9t8IU=,gctzXj13FnpmErEzLzxGK+gIc0w=
0,17,hYLPreGwfeopi7uvyA3nIA9t8IU=,gctzXj13FnpmErEzLzxGK+gIc0w=
14,19,hYLPreGwfeopi7uvyA3nIA9t8IU=,/5jthlvEx8N12bGJZlobTRHxpmI=
13,19,hYLPreGwfeopi7uvyA3nIA9t8IU=,hWteYH3gzXjP0ZaDo4FLgzB/oXQ=
15,19,hYLPreGwfeopi7uvyA3nIA9t8IU=,/5jthlvEx8N12bGJZlobTRHxpmI=
14,18,hYLPreGwfeopi7uvyA3nIA9t8IU=,/5jthlvEx8N12bGJZlobTRHxpmI=
13,18,hYLPreGwfeopi7uvyA3nIA9t8IU=,hWteYH3gzXjP0ZaDo4FLgzB/oXQ=
15,18,hYLPreGwfeopi7uvyA3nIA9t8IU=,/5jthlvEx8N12bGJZlobTRHxpmI=
13,17,hYLPreGwfeopi7uvyA3nIA9t8IU=,T9cXPCEfGQbHUamkAEOGJ4U+jn4=
14,17,hYLPreGwfeopi7uvyA3nIA9t8IU=,359+IRX7nthQMNj5y01XtPWJbUo=
15,16,hYLPreGwfeopi7uvyA3nIA9t8IU=,359+IRX7nthQMNj5y01XtPWJbUo=
15,17,hYLPreGwfeopi7uvyA3nIA9t8IU=,359+IRX7nthQMNj5y01XtPWJbUo=
13,16,hYLPreGwfeopi7uvyA3nIA9t8IU=,T9cXPCEfGQbHUamkAEOGJ4U+jn4=
14,16,hYLPreGwfeopi7uvyA3nIA9t8IU=,359+IRX7nthQMNj5y01XtPWJbUo=
30,18,8hUVFsf8wdelm+3iWaFlbDcbX6g=,nO49Uq8OcQil9Qs54av+8Ge/vxM=
29,18,8hUVFsf8wdelm+3iWaFlbDcbX6g=,ve4hzFDCZlrCOnVyr/iPrLldZxI=
29,17,8hUVFsf8wdelm+3iWaFlbDcbX6g=,Ei97AYcuRPDiSikrccmn558pWgk=
30,17,8hUVFsf8wdelm+3iWaFlbDcbX6g=,I/S125NMgQRI8a+lsgG2pGeQT5U=
27,18,8hUVFsf8wdelm+3iWaFlbDcbX6g=,4JXgCzNwniAebFzqvPiJSYKGHYs=
28,18,8hUVFsf8wdelm+3iWaFlbDcbX6g=,ve4hzFDCZlrCOnVyr/iPrLldZxI=
28,17,8hUVFsf8wdelm+3iWaFlbDcbX6g=,Ei97AYcuRPDiSikrccmn558pWgk=
27,17,8hUVFsf8wdelm+3iWaFlbDcbX6g=,/4CEQXpBlWcLAc2ONgULlHzWPdU=
26,18,8hUVFsf8wdelm+3iWaFlbDcbX6g=,4JXgCzNwniAebFzqvPiJSYKGHYs=
25,18,8hUVFsf8wdelm+3iWaFlbDcbX6g=,qDjm0zc/AaycI0QBOoZ/JFBJ2Xg=
25,17,8hUVFsf8wdelm+3iWaFlbDcbX6g=,LZOqdQw+viuM/UzSsSSZqcjO3CM=
26,17,8hUVFsf8wdelm+3iWaFlbDcbX6g=,/4CEQXpBlWcLAc2ONgULlHzWPdU=
24,18,8hUVFsf8wdelm+3iWaFlbDcbX6g=,qDjm0zc/AaycI0QBOoZ/JFBJ2Xg=
23,18,8hUVFsf8wdelm+3iWaFlbDcbX6g=,JiQ02Wuy+q3rcKuThhpLKl1jCEE=
23,17,8hUVFsf8wdelm+3iWaFlbDcbX6g=,EKRWkAyMFTG+FfUVpvDK48I+YJg=
24,17,8hUVFsf8wdelm+3iWaFlbDcbX6g=,LZOqdQw+viuM/UzSsSSZqcjO3CM=
22,18,aICM+ixM8NsGTCfKAaONMtjzx/M=,JiQ02Wuy+q3rcKuThhpLKl1jCEE=
21,18,aICM+ixM8NsGTCfKAaONMtjzx/M=,94w+gwid68I22Yoz9iwGEYRVWPA=
22,17,aICM+ixM8NsGTCfKAaONMtjzx/M=,EKRWkAyMFTG+FfUVpvDK48I+YJg=
21,17,aICM+ixM8NsGTCfKAaONMtjzx/M=,JXHOT9VPhHQG+beYyRnFA6rb9BA=
22,16,aICM+ixM8NsGTCfKAaONMtjzx/M=,EKRWkAyMFTG+FfUVpvDK48I+YJg=
19,18,aICM+ixM8NsGTCfKAaONMtjzx/M=,cF6bKf5/BMP4SXbG7vvSBjtSaqk=
20,18,aICM+ixM8NsGTCfKAaONMtjzx/M=,94w+gwid68I22Yoz9iwGEYRVWPA=
21,16,aICM+ixM8NsGTCfKAaONMtjzx/M=,JXHOT9VPhHQG+beYyRnFA6rb9BA=
20,17,aICM+ixM8NsGTCfKAaONMtjzx/M=,JXHOT9VPhHQG+beYyRnFA6rb9BA=
19,16,aICM+ixM8NsGTCfKAaONMtjzx/M=,Dg5ONGIRhINZzFkWFZpEABy721c=
20,16,aICM+ixM8NsGTCfKAaONMtjzx/M=,JXHOT9VPhHQG+beYyRnFA6rb9BA=
19,17,aICM+ixM8NsGTCfKAaONMtjzx/M=,Dg5ONGIRhINZzFkWFZpEABy721c=
23,16,aICM+ixM8NsGTCfKAaONMtjzx/M=,EKRWkAyMFTG+FfUVpvDK48I+YJg=
24,16,aICM+ixM8NsGTCfKAaONMtjzx/M=,LZOqdQw+viuM/UzSsSSZqcjO3CM=
25,16,aICM+ixM8NsGTCfKAaONMtjzx/M=,LZOqdQw+viuM/UzSsSSZqcjO3CM=
26,16,aICM+ixM8NsGTCfKAaONMtjzx/M=,/4CEQXpBlWcLAc2ONgULlHzWPdU=
18,19,aICM+ixM8NsGTCfKAaONMtjzx/M=,cF6bKf5/BMP4SXbG7vvSBjtSaqk=
17,19,aICM+ixM8NsGTCfKAaONMtjzx/M=,4JIutYNvQxEMffyrYORa6p4mjJ0=
28,16,aICM+ixM8NsGTCfKAaONMtjzx/M=,Ei97AYcuRPDiSikrccmn558pWgk=
27,16,aICM+ixM8NsGTCfKAaONMtjzx/M=,/4CEQXpBlWcLAc2ONgULlHzWPdU=
26,19,aICM+ixM8NsGTCfKAaONMtjzx/M=,4JXgCzNwniAebFzqvPiJSYKGHYs=
25,19,aICM+ixM8NsGTCfKAaONMtjzx/M=,qDjm0zc/AaycI0QBOoZ/JFBJ2Xg=
31,18,aICM+ixM8NsGTCfKAaONMtjzx/M=,nO49Uq8OcQil9Qs54av+8Ge/vxM=
31,19,aICM+ixM8NsGTCfKAaONMtjzx/M=,nO49Uq8OcQil9Qs54av+8Ge/vxM=
27,19,aICM+ixM8NsGTCfKAaONMtjzx/M=,4JXgCzNwniAebFzqvPiJSYKGHYs=
30,19,aICM+ixM8NsGTCfKAaONMtjzx/M=,nO49Uq8OcQil9Qs54av+8Ge/vxM=
29,19,aICM+ixM8NsGTCfKAaONMtjzx/M=,ve4hzFDCZlrCOnVyr/iPrLldZxI=
28,19,aICM+ixM8NsGTCfKAaONMtjzx/M=,ve4hzFDCZlrCOnVyr/iPrLldZxI=
30,16,aICM+ixM8NsGTCfKAaONMtjzx/M=,I/S125NMgQRI8a+lsgG2pGeQT5U=
29,16,aICM+ixM8NsGTCfKAaONMtjzx/M=,Ei97AYcuRPDiSikrccmn558pWgk=
20,19,aICM+ixM8NsGTCfKAaONMtjzx/M=,94w+gwid68I22Yoz9iwGEYRVWPA=
19,19,aICM+ixM8NsGTCfKAaONMtjzx/M=,cF6bKf5/BMP4SXbG7vvSBjtSaqk=
24,19,aICM+ixM8NsGTCfKAaONMtjzx/M=,qDjm0zc/AaycI0QBOoZ/JFBJ2Xg=
31,17,aICM+ixM8NsGTCfKAaONMtjzx/M=,I/S125NMgQRI8a+lsgG2pGeQT5U=
23,19,aICM+ixM8NsGTCfKAaONMtjzx/M=,JiQ02Wuy+q3rcKuThhpLKl1jCEE=
22,19,aICM+ixM8NsGTCfKAaONMtjzx/M=,JiQ02Wuy+q3rcKuThhpLKl1jCEE=
21,19,aICM+ixM8NsGTCfKAaONMtjzx/M=,94w+gwid68I22Yoz9iwGEYRVWPA=
16,19,aICM+ixM8NsGTCfKAaONMtjzx/M=,4JIutYNvQxEMffyrYORa6p4mjJ0=
31,16,aICM+ixM8NsGTCfKAaONMtjzx/M=,I/S125NMgQRI8a+lsgG2pGeQT5U=
17,18,aICM+ixM8NsGTCfKAaONMtjzx/M=,4JIutYNvQxEMffyrYORa6p4mjJ0=
18,18,aICM+ixM8NsGTCfKAaONMtjzx/M=,cF6bKf5/BMP4SXbG7vvSBjtSaqk=
16,18,aICM+ixM8NsGTCfKAaONMtjzx/M=,4JIutYNvQxEMffyrYORa6p4mjJ0=
17,16,aICM+ixM8NsGTCfKAaONMtjzx/M=,Q1Nr549Dx1CrHCCxO8FLkfMcJYI=
16,16,aICM+ixM8NsGTCfKAaONMtjzx/M=,Q1Nr549Dx1CrHCCxO8FLkfMcJYI=
18,17,aICM+ixM8NsGTCfKAaONMtjzx/M=,Dg5ONGIRhINZzFkWFZpEABy721c=
16,17,aICM+ixM8NsGTCfKAaONMtjzx/M=,Q1Nr549Dx1CrHCCxO8FLkfMcJYI=
17,17,aICM+ixM8NsGTCfKAaONMtjzx/M=,Q1Nr549Dx1CrHCCxO8FLkfMcJYI=
18,16,aICM+ixM8NsGTCfKAaONMtjzx/M=,Dg5ONGIRhINZzFkWFZpEABy721c=
29,2,aICM+ixM8NsGTCfKAaONMtjzx/M=,zWVn1AcpKfezdiJqjE1j5tJYQi8=
30,1,aICM+ixM8NsGTCfKAaONMtjzx/M=,MNpPG3daTXPVw+OTlLKoDacLNmM=
30,2,aICM+ixM8NsGTCfKAaONMtjzx/M=,/zfh03/JzmvPVUSN16nUAjZI0Wc=
29,1,aICM+ixM8NsGTCfKAaONMtjzx/M=,ERcxrRnW5E7MBk4G2eO84Iyq8HA=
29,4,ZZJV+Ra+JTw5XjftSpH/h/osz6o=,W66ZEeBxIya45slPu0aW567VmRU=
30,4,ZZJV+Ra+JTw5XjftSpH/h/osz6o=,3DhifuHjgfrVl/MBnuWEp2+nOj4=
30,3,ZZJV+Ra+JTw5XjftSpH/h/osz6o=,/zfh03/JzmvPVUSN16nUAjZI0Wc=
29,3,ZZJV+Ra+JTw5XjftSpH/h/osz6o=,zWVn1AcpKfezdiJqjE1j5tJYQi8=
30,6,ZZJV+Ra+JTw5XjftSpH/h/osz6o=,S+TopYrbpJ9SiOXQbFStkj03chQ=
30,5,ZZJV+Ra+JTw5XjftSpH/h/osz6o=,3DhifuHjgfrVl/MBnuWEp2+nOj4=
29,5,ZZJV+Ra+JTw5XjftSpH/h/osz6o=,W66ZEeBxIya45slPu0aW567VmRU=
29,6,ZZJV+Ra+JTw5XjftSpH/h/osz6o=,EW8V2XdmgxZLkMr15Wd4CWwbFDM=
30,8,ZZJV+Ra+JTw5XjftSpH/h/osz6o=,SDSg2P3DeH5l9kyTY91R1FIV5ZU=
30,7,ZZJV+Ra+JTw5XjftSpH/h/osz6o=,S+TopYrbpJ9SiOXQbFStkj03chQ=
29,8,ZZJV+Ra+JTw5XjftSpH/h/osz6o=,lk69Uih/lk0EdWSpKh6vCVDFdMc=
29,7,ZZJV+Ra+JTw5XjftSpH/h/osz6o=,EW8V2XdmgxZLkMr15Wd4CWwbFDM=
30,10,ZZJV+Ra+JTw5XjftSpH/h/osz6o=,XY601KaaF0eA7Oo2wo1rpfL4h/4=
29,10,ZZJV+Ra+JTw5XjftSpH/h/osz6o=,ZBFjArd1ksypDZKMNJu+nDi4pwk=
30,9,ZZJV+Ra+JTw5XjftSpH/h/osz6o=,SDSg2P3DeH5l9kyTY91R1FIV5ZU=
29,9,ZZJV+Ra+JTw5XjftSpH/h/osz6o=,lk69Uih/lk0EdWSpKh6vCVDFdMc=
29,12,uRapKNqsFmW/4gwAO9WL1+JvDDo=,dLLADsrBsdWayLQnRF4jVK6KSWM=
30,11,uRapKNqsFmW/4gwAO9WL1+JvDDo=,XY601KaaF0eA7Oo2wo1rpfL4h/4=
29,11,uRapKNqsFmW/4gwAO9WL1+JvDDo=,ZBFjArd1ksypDZKMNJu+nDi4pwk=
30,12,uRapKNqsFmW/4gwAO9WL1+JvDDo=,3PSdYKjnwht2XTretgljw7bZQMg=
29,14,uRapKNqsFmW/4gwAO9WL1+JvDDo=,fMr6JvXKILyTcrTLTeTlGEktg/4=
30,14,uRapKNqsFmW/4gwAO9WL1+JvDDo=,k3+xU1Tt5JTwQbRfRe9epnUkwTo=
29,13,uRapKNqsFmW/4gwAO9WL1+JvDDo=,dLLADsrBsdWayLQnRF4jVK6KSWM=
30,13,uRapKNqsFmW/4gwAO9WL1+JvDDo=,3PSdYKjnwht2XTretgljw7bZQMg=
27,11,uRapKNqsFmW/4gwAO9WL1+JvDDo=,NmHT7LtKptR6hh0jw5TySZtGvnE=
28,12,uRapKNqsFmW/4gwAO9WL1+JvDDo=,dLLADsrBsdWayLQnRF4jVK6KSWM=
28,11,uRapKNqsFmW/4gwAO9WL1+JvDDo=,ZBFjArd1ksypDZKMNJu+nDi4pwk=
27,12,uRapKNqsFmW/4gwAO9WL1+JvDDo=,bxIHBuyll92rwYHocmtifsp2Hc8=
27,14,uRapKNqsFmW/4gwAO9WL1+JvDDo=,/STh0WmcnKgfhvo3LwA9W1zAetc=
28,14,uRapKNqsFmW/4gwAO9WL1+JvDDo=,fMr6JvXKILyTcrTLTeTlGEktg/4=
28,13,uRapKNqsFmW/4gwAO9WL1+JvDDo=,dLLADsrBsdWayLQnRF4jVK6KSWM=
27,13,uRapKNqsFmW/4gwAO9WL1+JvDDo=,bxIHBuyll92rwYHocmtifsp2Hc8=
28,9,uRapKNqsFmW/4gwAO9WL1+JvDDo=,lk69Uih/lk0EdWSpKh6vCVDFdMc=
27,9,uRapKNqsFmW/4gwAO9WL1+JvDDo=,j391GObMS08wk5wcwZ/qTmHtJck=
28,10,uRapKNqsFmW/4gwAO9WL1+JvDDo=,ZBFjArd1ksypDZKMNJu+nDi4pwk=
27,10,uRapKNqsFmW/4gwAO9WL1+JvDDo=,NmHT7LtKptR6hh0jw5TySZtGvnE=
27,8,yeUhshx4fvBcdDnqpVf4LVNGjFQ=,j391GObMS08wk5wcwZ/qTmHtJck=
28,8,yeUhshx4fvBcdDnqpVf4LVNGjFQ=,lk69Uih/lk0EdWSpKh6vCVDFdMc=
27,7,yeUhshx4fvBcdDnqpVf4LVNGjFQ=,SI6F4NRyEd+EryUPUy+7uOH0MRY=
28,7,yeUhshx4fvBcdDnqpVf4LVNGjFQ=,EW8V2XdmgxZLkMr15Wd4CWwbFDM=
27,5,yeUhshx4fvBcdDnqpVf4LVNGjFQ=,QfrXdi8LUp0UEuj8fbBMhS+4th0=
28,6,yeUhshx4fvBcdDnqpVf4LVNGjFQ=,EW8V2XdmgxZLkMr15Wd4CWwbFDM=
28,5,yeUhshx4fvBcdDnqpVf4LVNGjFQ=,W66ZEeBxIya45slPu0aW567VmRU=
27,6,yeUhshx4fvBcdDnqpVf4LVNGjFQ=,SI6F4NRyEd+EryUPUy+7uOH0MRY=
28,4,yeUhshx4fvBcdDnqpVf4LVNGjFQ=,W66ZEeBxIya45slPu0aW567VmRU=
28,3,yeUhshx4fvBcdDnqpVf4LVNGjFQ=,zWVn1AcpKfezdiJqjE1j5tJYQi8=
27,4,yeUhshx4fvBcdDnqpVf4LVNGjFQ=,QfrXdi8LUp0UEuj8fbBMhS+4th0=
27,3,yeUhshx4fvBcdDnqpVf4LVNGjFQ=,neY/qXVE4AsMdqv2l9lJuqeRnHU=
28,2,yeUhshx4fvBcdDnqpVf4LVNGjFQ=,zWVn1AcpKfezdiJqjE1j5tJYQi8=
27,1,yeUhshx4fvBcdDnqpVf4LVNGjFQ=,CeGigycP+L6+ytOI3KH1jvnGIMk=
28,1,yeUhshx4fvBcdDnqpVf4LVNGjFQ=,ERcxrRnW5E7MBk4G2eO84Iyq8HA=
27,2,yeUhshx4fvBcdDnqpVf4LVNGjFQ=,neY/qXVE4AsMdqv2l9lJuqeRnHU=
26,3,yeUhshx4fvBcdDnqpVf4LVNGjFQ=,neY/qXVE4AsMdqv2l9lJuqeRnHU=
25,4,yeUhshx4fvBcdDnqpVf4LVNGjFQ=,v5omLchaMorJqH4Y1W4XZY8SJdw=
25,3,yeUhshx4fvBcdDnqpVf4LVNGjFQ=,48n+gl3Hxjc6XHwunzLespppYB4=
26,4,yeUhshx4fvBcdDnqpVf4LVNGjFQ=,QfrXdi8LUp0UEuj8fbBMhS+4th0=
25,2,yeUhshx4fvBcdDnqpVf4LVNGjFQ=,48n+gl3Hxjc6XHwunzLespppYB4=
26,2,yeUhshx4fvBcdDnqpVf4LVNGjFQ=,neY/qXVE4AsMdqv2l9lJuqeRnHU=
26,1,yeUhshx4fvBcdDnqpVf4LVNGjFQ=,CeGigycP+L6+ytOI3KH1jvnGIMk=
25,1,yeUhshx4fvBcdDnqpVf4LVNGjFQ=,du+gLpOxd3bm4oluwC+FNhfcRDQ=
23,3,YnG20pgDha+8HFfmBc/NT9dLL0U=,gZIeZ5rIdR2y8bYgLtohVeyzZx4=
24,4,YnG20pgDha+8HFfmBc/NT9dLL0U=,v5omLchaMorJqH4Y1W4XZY8SJdw=
24,3,YnG20pgDha+8HFfmBc/NT9dLL0U=,48n+gl3Hxjc6XHwunzLespppYB4=
23,4,YnG20pgDha+8HFfmBc/NT9dLL0U=,B93kZtvP1o2G7XuYqNglyfOCFno=
23,2,YnG20pgDha+8HFfmBc/NT9dLL0U=,gZIeZ5rIdR2y8bYgLtohVeyzZx4=
24,1,YnG20pgDha+8HFfmBc/NT9dLL0U=,du+gLpOxd3bm4oluwC+FNhfcRDQ=
23,1,YnG20pgDha+8HFfmBc/NT9dLL0U=,fl4Y4OgfQnKTn2JOEVdSKZW4XVM=
24,2,YnG20pgDha+8HFfmBc/NT9dLL0U=,48n+gl3Hxjc6XHwunzLespppYB4=
21,3,YnG20pgDha+8HFfmBc/NT9dLL0U=,alPwW0kORgrgMfJjhyeNly5eVDU=
21,4,YnG20pgDha+8HFfmBc/NT9dLL0U=,ydNKJJ6jYXZTsLqV+bCJi4LaUIo=
22,3,YnG20pgDha+8HFfmBc/NT9dLL0U=,gZIeZ5rIdR2y8bYgLtohVeyzZx4=
22,4,YnG20pgDha+8HFfmBc/NT9dLL0U=,B93kZtvP1o2G7XuYqNglyfOCFno=
21,2,YnG20pgDha+8HFfmBc/NT9dLL0U=,alPwW0kORgrgMfJjhyeNly5eVDU=
22,2,YnG20pgDha+8HFfmBc/NT9dLL0U=,gZIeZ5rIdR2y8bYgLtohVeyzZx4=
21,1,YnG20pgDha+8HFfmBc/NT9dLL0U=,9qXcojDBVgKO/TS3ZhREvFppJ4w=
22,1,YnG20pgDha+8HFfmBc/NT9dLL0U=,fl4Y4OgfQnKTn2JOEVdSKZW4XVM=
20,5,YnG20pgDha+8HFfmBc/NT9dLL0U=,ydNKJJ6jYXZTsLqV+bCJi4LaUIo=
20,6,YnG20pgDha+8HFfmBc/NT9dLL0U=,QV1v9tuv8DW5m0u867b6w1CuW6s=
19,5,YnG20pgDha+8HFfmBc/NT9dLL0U=,zXST6QNCg7zy3M7ZdR+lKHGJ5Gw=
19,6,YnG20pgDha+8HFfmBc/NT9dLL0U=,D/9Va13Xgl4vxF9d2tQNnMmqXis=
19,3,ks+lbjjX4TNBidOHjsYzFbjAniI=,Kyj00cHA9/G5Nf/rpfBm5MU26Uo=
19,4,ks+lbjjX4TNBidOHjsYzFbjAniI=,zXST6QNCg7zy3M7ZdR+lKHGJ5Gw=
20,3,ks+lbjjX4TNBidOHjsYzFbjAniI=,alPwW0kORgrgMfJjhyeNly5eVDU=
20,4,ks+lbjjX4TNBidOHjsYzFbjAniI=,ydNKJJ6jYXZTsLqV+bCJi4LaUIo=
18,5,ks+lbjjX4TNBidOHjsYzFbjAniI=,zXST6QNCg7zy3M7ZdR+lKHGJ5Gw=
18,6,ks+lbjjX4TNBidOHjsYzFbjAniI=,D/9Va13Xgl4vxF9d2tQNnMmqXis=
17,6,ks+lbjjX4TNBidOHjsYzFbjAniI=,cjcT3NUx0duMytgf59yo0nytxVw=
17,5,ks+lbjjX4TNBidOHjsYzFbjAniI=,BcJ18cP5RCzWwC42RvcGGey5FHo=
18,4,ks+lbjjX4TNBidOHjsYzFbjAniI=,zXST6QNCg7zy3M7ZdR+lKHGJ5Gw=
18,3,ks+lbjjX4TNBidOHjsYzFbjAniI=,Kyj00cHA9/G5Nf/rpfBm5MU26Uo=
16,4,ks+lbjjX4TNBidOHjsYzFbjAniI=,BcJ18cP5RCzWwC42RvcGGey5FHo=
16,3,ks+lbjjX4TNBidOHjsYzFbjAniI=,/L9lnH1kmjaDhts3pzlDGgC3obI=
17,4,ks+lbjjX4TNBidOHjsYzFbjAniI=,BcJ18cP5RCzWwC42RvcGGey5FHo=
17,3,ks+lbjjX4TNBidOHjsYzFbjAniI=,/L9lnH1kmjaDhts3pzlDGgC3obI=
24,0,ks+lbjjX4TNBidOHjsYzFbjAniI=,du+gLpOxd3bm4oluwC+FNhfcRDQ=
22,0,ks+lbjjX4TNBidOHjsYzFbjAniI=,fl4Y4OgfQnKTn2JOEVdSKZW4XVM=
23,0,ks+lbjjX4TNBidOHjsYzFbjAniI=,fl4Y4OgfQnKTn2JOEVdSKZW4XVM=
21,0,ks+lbjjX4TNBidOHjsYzFbjAniI=,9qXcojDBVgKO/TS3ZhREvFppJ4w=
28,0,ks+lbjjX4TNBidOHjsYzFbjAniI=,ERcxrRnW5E7MBk4G2eO84Iyq8HA=
27,0,ks+lbjjX4TNBidOHjsYzFbjAniI=,CeGigycP+L6+ytOI3KH1jvnGIMk=
26,0,ks+lbjjX4TNBidOHjsYzFbjAniI=,CeGigycP+L6+ytOI3KH1jvnGIMk=
25,0,ks+lbjjX4TNBidOHjsYzFbjAniI=,du+gLpOxd3bm4oluwC+FNhfcRDQ=
30,0,ks+lbjjX4TNBidOHjsYzFbjAniI=,MNpPG3daTXPVw+OTlLKoDacLNmM=
29,0,ks+lbjjX4TNBidOHjsYzFbjAniI=,ERcxrRnW5E7MBk4G2eO84Iyq8HA=
31,3,ks+lbjjX4TNBidOHjsYzFbjAniI=,/zfh03/JzmvPVUSN16nUAjZI0Wc=
31,2,ks+lbjjX4TNBidOHjsYzFbjAniI=,/zfh03/JzmvPVUSN16nUAjZI0Wc=
31,1,ks+lbjjX4TNBidOHjsYzFbjAniI=,MNpPG3daTXPVw+OTlLKoDacLNmM=
31,4,ks+lbjjX4TNBidOHjsYzFbjAniI=,3DhifuHjgfrVl/MBnuWEp2+nOj4=
31,8,ks+lbjjX4TNBidOHjsYzFbjAniI=,SDSg2P3DeH5l9kyTY91R1FIV5ZU=
31,7,ks+lbjjX4TNBidOHjsYzFbjAniI=,S+TopYrbpJ9SiOXQbFStkj03chQ=
31,6,ks+lbjjX4TNBidOHjsYzFbjAniI=,S+TopYrbpJ9SiOXQbFStkj03chQ=
31,5,ks+lbjjX4TNBidOHjsYzFbjAniI=,3DhifuHjgfrVl/MBnuWEp2+nOj4=
31,9,ks+lbjjX4TNBidOHjsYzFbjAniI=,SDSg2P3DeH5l9kyTY91R1FIV5ZU=
31,10,ks+lbjjX4TNBidOHjsYzFbjAniI=,XY601KaaF0eA7Oo2wo1rpfL4h/4=
31,11,ks+lbjjX4TNBidOHjsYzFbjAniI=,XY601KaaF0eA7Oo2wo1rpfL4h/4=
31,12,ks+lbjjX4TNBidOHjsYzFbjAniI=,3PSdYKjnwht2XTretgljw7bZQMg=
31,14,ks+lbjjX4TNBidOHjsYzFbjAniI=,k3+xU1Tt5JTwQbRfRe9epnUkwTo=
31,13,ks+lbjjX4TNBidOHjsYzFbjAniI=,3PSdYKjnwht2XTretgljw7bZQMg=
20,2,ks+lbjjX4TNBidOHjsYzFbjAniI=,alPwW0kORgrgMfJjhyeNly5eVDU=
19,1,ks+lbjjX4TNBidOHjsYzFbjAniI=,DsTsnx/rWUy+BjGUw/KJ/uM+Mac=
30,15,ks+lbjjX4TNBidOHjsYzFbjAniI=,k3+xU1Tt5JTwQbRfRe9epnUkwTo=
29,15,ks+lbjjX4TNBidOHjsYzFbjAniI=,fMr6JvXKILyTcrTLTeTlGEktg/4=
19,0,ks+lbjjX4TNBidOHjsYzFbjAniI=,DsTsnx/rWUy+BjGUw/KJ/uM+Mac=
20,1,ks+lbjjX4TNBidOHjsYzFbjAniI=,9qXcojDBVgKO/TS3ZhREvFppJ4w=
28,15,ks+lbjjX4TNBidOHjsYzFbjAniI=,fMr6JvXKILyTcrTLTeTlGEktg/4=
27,15,ks+lbjjX4TNBidOHjsYzFbjAniI=,/STh0WmcnKgfhvo3LwA9W1zAetc=
19,2,ks+lbjjX4TNBidOHjsYzFbjAniI=,Kyj00cHA9/G5Nf/rpfBm5MU26Uo=
20,0,ks+lbjjX4TNBidOHjsYzFbjAniI=,9qXcojDBVgKO/TS3ZhREvFppJ4w=
16,2,ks+lbjjX4TNBidOHjsYzFbjAniI=,/L9lnH1kmjaDhts3pzlDGgC3obI=
17,0,ks+lbjjX4TNBidOHjsYzFbjAniI=,IMRCWLavKE2TifV4QEMypZXBK+s=
18,0,ks+lbjjX4TNBidOHjsYzFbjAniI=,DsTsnx/rWUy+BjGUw/KJ/uM+Mac=
16,1,ks+lbjjX4TNBidOHjsYzFbjAniI=,IMRCWLavKE2TifV4QEMypZXBK+s=
18,2,ks+lbjjX4TNBidOHjsYzFbjAniI=,Kyj00cHA9/G5Nf/rpfBm5MU26Uo=
17,1,ks+lbjjX4TNBidOHjsYzFbjAniI=,IMRCWLavKE2TifV4QEMypZXBK+s=
17,2,ks+lbjjX4TNBidOHjsYzFbjAniI=,/L9lnH1kmjaDhts3pzlDGgC3obI=
18,1,ks+lbjjX4TNBidOHjsYzFbjAniI=,DsTsnx/rWUy+BjGUw/KJ/uM+Mac=
25,14,yvbCdj7rCEUQxynfq/g+rLXsCYs=,ECGZG7K9n0IfvVHmTWCCbfxO4nc=
26,14,yvbCdj7rCEUQxynfq/g+rLXsCYs=,/STh0WmcnKgfhvo3LwA9W1zAetc=
25,13,yvbCdj7rCEUQxynfq/g+rLXsCYs=,CQCTapYWeMRac9K2MY8Y+GD3vdU=
26,13,yvbCdj7rCEUQxynfq/g+rLXsCYs=,bxIHBuyll92rwYHocmtifsp2Hc8=
23,14,yvbCdj7rCEUQxynfq/g+rLXsCYs=,m01jMsX1XqdjZflaovS3uvetv9Y=
23,13,yvbCdj7rCEUQxynfq/g+rLXsCYs=,sVJ6hErvX8VSxyDtc0e65cUbxI8=
24,13,yvbCdj7rCEUQxynfq/g+rLXsCYs=,CQCTapYWeMRac9K2MY8Y+GD3vdU=
24,14,yvbCdj7rCEUQxynfq/g+rLXsCYs=,ECGZG7K9n0IfvVHmTWCCbfxO4nc=
22,11,yvbCdj7rCEUQxynfq/g+rLXsCYs=,QPfXfl5GB1RCg64R7BV0aB8K3MM=
21,11,yvbCdj7rCEUQxynfq/g+rLXsCYs=,TZQH7nmWU3BQ4vxSFVjvYb+bqNA=
21,12,yvbCdj7rCEUQxynfq/g+rLXsCYs=,fWZnd5YQCpx3t+05rgdUxHvb9EU=
22,12,yvbCdj7rCEUQxynfq/g+rLXsCYs=,sVJ6hErvX8VSxyDtc0e65cUbxI8=
22,14,yvbCdj7rCEUQxynfq/g+rLXsCYs=,m01jMsX1XqdjZflaovS3uvetv9Y=
21,14,yvbCdj7rCEUQxynfq/g+rLXsCYs=,XU28deP0zOEAWqPouDfEdGGydik=
22,13,yvbCdj7rCEUQxynfq/g+rLXsCYs=,sVJ6hErvX8VSxyDtc0e65cUbxI8=
21,13,yvbCdj7rCEUQxynfq/g+rLXsCYs=,fWZnd5YQCpx3t+05rgdUxHvb9EU=
20,12,VYlV7t8Z5c5k6rQ5O1nTFZ2ARiU=,fWZnd5YQCpx3t+05rgdUxHvb9EU=
19,12,VYlV7t8Z5c5k6rQ5O1nTFZ2ARiU=,OBqN16wVy4GpZc55eSeAEuc1q8w=
20,11,VYlV7t8Z5c5k6rQ5O1nTFZ2ARiU=,TZQH7nmWU3BQ4vxSFVjvYb+bqNA=
19,11,VYlV7t8Z5c5k6rQ5O1nTFZ2ARiU=,9SL1lJGy5Y3c8QhvaNqQVCgPI8E=
20,13,VYlV7t8Z5c5k6rQ5O1nTFZ2ARiU=,fWZnd5YQCpx3t+05rgdUxHvb9EU=
19,14,VYlV7t8Z5c5k6rQ5O1nTFZ2ARiU=,vfb139TuES+Odfj90xOlP3sqfuw=
19,13,VYlV7t8Z5c5k6rQ5O1nTFZ2ARiU=,OBqN16wVy4GpZc55eSeAEuc1q8w=
20,14,VYlV7t8Z5c5k6rQ5O1nTFZ2ARiU=,XU28deP0zOEAWqPouDfEdGGydik=
17,7,VYlV7t8Z5c5k6rQ5O1nTFZ2ARiU=,cjcT3NUx0duMytgf59yo0nytxVw=
18,7,VYlV7t8Z5c5k6rQ5O1nTFZ2ARiU=,D/9Va13Xgl4vxF9d2tQNnMmqXis=
17,8,VYlV7t8Z5c5k6rQ5O1nTFZ2ARiU=,z0Y4hKRnYk/hchwnSjFvx+mMmuA=
18,8,VYlV7t8Z5c5k6rQ5O1nTFZ2ARiU=,yRAMJXRcL94PbImsm6CelAk5D7o=
18,10,VYlV7t8Z5c5k6rQ5O1nTFZ2ARiU=,9SL1lJGy5Y3c8QhvaNqQVCgPI8E=
18,9,VYlV7t8Z5c5k6rQ5O1nTFZ2ARiU=,yRAMJXRcL94PbImsm6CelAk5D7o=
17,9,VYlV7t8Z5c5k6rQ5O1nTFZ2ARiU=,z0Y4hKRnYk/hchwnSjFvx+mMmuA=
17,10,VYlV7t8Z5c5k6rQ5O1nTFZ2ARiU=,UQ3L27mejdLN0VWwheb+TKQx5TA=
17,11,VYlV7t8Z5c5k6rQ5O1nTFZ2ARiU=,UQ3L27mejdLN0VWwheb+TKQx5TA=
17,12,VYlV7t8Z5c5k6rQ5O1nTFZ2ARiU=,v1pZJ3tuEB9fbmojMjqPixJSr8U=
18,12,VYlV7t8Z5c5k6rQ5O1nTFZ2ARiU=,OBqN16wVy4GpZc55eSeAEuc1q8w=
18,11,VYlV7t8Z5c5k6rQ5O1nTFZ2ARiU=,9SL1lJGy5Y3c8QhvaNqQVCgPI8E=
19,7,VYlV7t8Z5c5k6rQ5O1nTFZ2ARiU=,D/9Va13Xgl4vxF9d2tQNnMmqXis=
20,7,VYlV7t8Z5c5k6rQ5O1nTFZ2ARiU=,QV1v9tuv8DW5m0u867b6w1CuW6s=
20,9,VYlV7t8Z5c5k6rQ5O1nTFZ2ARiU=,mx96H/sNNRQcfzTe/5F+IttLBI8=
19,10,VYlV7t8Z5c5k6rQ5O1nTFZ2ARiU=,9SL1lJGy5Y3c8QhvaNqQVCgPI8E=
19,9,VYlV7t8Z5c5k6rQ5O1nTFZ2ARiU=,yRAMJXRcL94PbImsm6CelAk5D7o=
19,8,VYlV7t8Z5c5k6rQ5O1nTFZ2ARiU=,yRAMJXRcL94PbImsm6CelAk5D7o=
20,10,VYlV7t8Z5c5k6rQ5O1nTFZ2ARiU=,TZQH7nmWU3BQ4vxSFVjvYb+bqNA=
20,8,VYlV7t8Z5c5k6rQ5O1nTFZ2ARiU=,mx96H/sNNRQcfzTe/5F+IttLBI8=
21,9,VYlV7t8Z5c5k6rQ5O1nTFZ2ARiU=,mx96H/sNNRQcfzTe/5F+IttLBI8=
22,10,VYlV7t8Z5c5k6rQ5O1nTFZ2ARiU=,QPfXfl5GB1RCg64R7BV0aB8K3MM=
21,10,VYlV7t8Z5c5k6rQ5O1nTFZ2ARiU=,TZQH7nmWU3BQ4vxSFVjvYb+bqNA=
22,9,VYlV7t8Z5c5k6rQ5O1nTFZ2ARiU=,uqIZ1oHpW4/J5UHBMv6zNFwpvJM=
21,6,VYlV7t8Z5c5k6rQ5O1nTFZ2ARiU=,QV1v9tuv8DW5m0u867b6w1CuW6s=
21,7,VYlV7t8Z5c5k6rQ5O1nTFZ2ARiU=,QV1v9tuv8DW5m0u867b6w1CuW6s=
21,8,VYlV7t8Z5c5k6rQ5O1nTFZ2ARiU=,mx96H/sNNRQcfzTe/5F+IttLBI8=
22,8,VYlV7t8Z5c5k6rQ5O1nTFZ2ARiU=,uqIZ1oHpW4/J5UHBMv6zNFwpvJM=
22,7,VYlV7t8Z5c5k6rQ5O1nTFZ2ARiU=,GahnTILuL0rEW6yLkRE5MQhVWS0=
21,5,VYlV7t8Z5c5k6rQ5O1nTFZ2ARiU=,ydNKJJ6jYXZTsLqV+bCJi4LaUIo=
22,6,VYlV7t8Z5c5k6rQ5O1nTFZ2ARiU=,GahnTILuL0rEW6yLkRE5MQhVWS0=
22,5,VYlV7t8Z5c5k6rQ5O1nTFZ2ARiU=,B93kZtvP1o2G7XuYqNglyfOCFno=
25,6,mcD+1U7IH7FNPnqc6nU3K2mK4cg=,lb1/38vd5wk+9hkHN/GMTtAEjIQ=
26,6,mcD+1U7IH7FNPnqc6nU3K2mK4cg=,SI6F4NRyEd+EryUPUy+7uOH0MRY=
24,6,mcD+1U7IH7FNPnqc6nU3K2mK4cg=,lb1/38vd5wk+9hkHN/GMTtAEjIQ=
26,5,mcD+1U7IH7FNPnqc6nU3K2mK4cg=,QfrXdi8LUp0UEuj8fbBMhS+4th0=
24,5,mcD+1U7IH7FNPnqc6nU3K2mK4cg=,v5omLchaMorJqH4Y1W4XZY8SJdw=
25,5,mcD+1U7IH7FNPnqc6nU3K2mK4cg=,v5omLchaMorJqH4Y1W4XZY8SJdw=
23,5,mcD+1U7IH7FNPnqc6nU3K2mK4cg=,B93kZtvP1o2G7XuYqNglyfOCFno=
23,6,mcD+1U7IH7FNPnqc6nU3K2mK4cg=,GahnTILuL0rEW6yLkRE5MQhVWS0=
24,8,mcD+1U7IH7FNPnqc6nU3K2mK4cg=,i+/J7USs4yWG3T/bCi1X+ijKLJM=
24,7,mcD+1U7IH7FNPnqc6nU3K2mK4cg=,lb1/38vd5wk+9hkHN/GMTtAEjIQ=
25,8,mcD+1U7IH7FNPnqc6nU3K2mK4cg=,i+/J7USs4yWG3T/bCi1X+ijKLJM=
25,7,mcD+1U7IH7FNPnqc6nU3K2mK4cg=,lb1/38vd5wk+9hkHN/GMTtAEjIQ=
26,8,mcD+1U7IH7FNPnqc6nU3K2mK4cg=,j391GObMS08wk5wcwZ/qTmHtJck=
23,8,mcD+1U7IH7FNPnqc6nU3K2mK4cg=,uqIZ1oHpW4/J5UHBMv6zNFwpvJM=
26,7,mcD+1U7IH7FNPnqc6nU3K2mK4cg=,SI6F4NRyEd+EryUPUy+7uOH0MRY=
23,7,mcD+1U7IH7FNPnqc6nU3K2mK4cg=,GahnTILuL0rEW6yLkRE5MQhVWS0=
16,11,mcD+1U7IH7FNPnqc6nU3K2mK4cg=,UQ3L27mejdLN0VWwheb+TKQx5TA=
16,12,mcD+1U7IH7FNPnqc6nU3K2mK4cg=,v1pZJ3tuEB9fbmojMjqPixJSr8U=
20,15,mcD+1U7IH7FNPnqc6nU3K2mK4cg=,XU28deP0zOEAWqPouDfEdGGydik=
19,15,mcD+1U7IH7FNPnqc6nU3K2mK4cg=,vfb139TuES+Odfj90xOlP3sqfuw=
21,15,mcD+1U7IH7FNPnqc6nU3K2mK4cg=,XU28deP0zOEAWqPouDfEdGGydik=
22,15,mcD+1U7IH7FNPnqc6nU3K2mK4cg=,m01jMsX1XqdjZflaovS3uvetv9Y=
16,5,mcD+1U7IH7FNPnqc6nU3K2mK4cg=,BcJ18cP5RCzWwC42RvcGGey5FHo=
16,6,mcD+1U7IH7FNPnqc6nU3K2mK4cg=,cjcT3NUx0duMytgf59yo0nytxVw=
26,15,mcD+1U7IH7FNPnqc6nU3K2mK4cg=,/STh0WmcnKgfhvo3LwA9W1zAetc=
23,15,mcD+1U7IH7FNPnqc6nU3K2mK4cg=,m01jMsX1XqdjZflaovS3uvetv9Y=
24,15,mcD+1U7IH7FNPnqc6nU3K2mK4cg=,ECGZG7K9n0IfvVHmTWCCbfxO4nc=
25,15,mcD+1U7IH7FNPnqc6nU3K2mK4cg=,ECGZG7K9n0IfvVHmTWCCbfxO4nc=
16,9,mcD+1U7IH7FNPnqc6nU3K2mK4cg=,z0Y4hKRnYk/hchwnSjFvx+mMmuA=
16,7,mcD+1U7IH7FNPnqc6nU3K2mK4cg=,cjcT3NUx0duMytgf59yo0nytxVw=
16,10,mcD+1U7IH7FNPnqc6nU3K2mK4cg=,UQ3L27mejdLN0VWwheb+TKQx5TA=
16,8,mcD+1U7IH7FNPnqc6nU3K2mK4cg=,z0Y4hKRnYk/hchwnSjFvx+mMmuA=
16,0,mcD+1U7IH7FNPnqc6nU3K2mK4cg=,IMRCWLavKE2TifV4QEMypZXBK+s=
31,0,mcD+1U7IH7FNPnqc6nU3K2mK4cg=,MNpPG3daTXPVw+OTlLKoDacLNmM=
31,15,mcD+1U7IH7FNPnqc6nU3K2mK4cg=,k3+xU1Tt5JTwQbRfRe9epnUkwTo=
24,9,mcD+1U7IH7FNPnqc6nU3K2mK4cg=,i+/J7USs4yWG3T/bCi1X+ijKLJM=
24,10,mcD+1U7IH7FNPnqc6nU3K2mK4cg=,wrh22wue3j4keNIkFTiKr6j3tgY=
23,9,mcD+1U7IH7FNPnqc6nU3K2mK4cg=,uqIZ1oHpW4/J5UHBMv6zNFwpvJM=
26,11,mcD+1U7IH7FNPnqc6nU3K2mK4cg=,NmHT7LtKptR6hh0jw5TySZtGvnE=
25,9,mcD+1U7IH7FNPnqc6nU3K2mK4cg=,i+/J7USs4yWG3T/bCi1X+ijKLJM=
26,10,mcD+1U7IH7FNPnqc6nU3K2mK4cg=,NmHT7LtKptR6hh0jw5TySZtGvnE=
26,12,mcD+1U7IH7FNPnqc6nU3K2mK4cg=,bxIHBuyll92rwYHocmtifsp2Hc8=
25,11,mcD+1U7IH7FNPnqc6nU3K2mK4cg=,wrh22wue3j4keNIkFTiKr6j3tgY=
26,9,mcD+1U7IH7FNPnqc6nU3K2mK4cg=,j391GObMS08wk5wcwZ/qTmHtJck=
23,12,mcD+1U7IH7FNPnqc6nU3K2mK4cg=,sVJ6hErvX8VSxyDtc0e65cUbxI8=
23,10,mcD+1U7IH7FNPnqc6nU3K2mK4cg=,QPfXfl5GB1RCg64R7BV0aB8K3MM=
24,12,mcD+1U7IH7FNPnqc6nU3K2mK4cg=,CQCTapYWeMRac9K2MY8Y+GD3vdU=
23,11,mcD+1U7IH7FNPnqc6nU3K2mK4cg=,QPfXfl5GB1RCg64R7BV0aB8K3MM=
24,11,mcD+1U7IH7FNPnqc6nU3K2mK4cg=,wrh22wue3j4keNIkFTiKr6j3tgY=
25,10,mcD+1U7IH7FNPnqc6nU3K2mK4cg=,wrh22wue3j4keNIkFTiKr6j3tgY=
25,12,mcD+1U7IH7FNPnqc6nU3K2mK4cg=,CQCTapYWeMRac9K2MY8Y+GD3vdU=
16,15,mcD+1U7IH7FNPnqc6nU3K2mK4cg=,cN7ihHt5s2+vKiP38+RAIwyOY8I=
16,14,mcD+1U7IH7FNPnqc6nU3K2mK4cg=,cN7ihHt5s2+vKiP38+RAIwyOY8I=
18,15,mcD+1U7IH7FNPnqc6nU3K2mK4cg=,vfb139TuES+Odfj90xOlP3sqfuw=
18,13,mcD+1U7IH7FNPnqc6nU3K2mK4cg=,OBqN16wVy4GpZc55eSeAEuc1q8w=
17,15,mcD+1U7IH7FNPnqc6nU3K2mK4cg=,cN7ihHt5s2+vKiP38+RAIwyOY8I=
16,13,mcD+1U7IH7FNPnqc6nU3K2mK4cg=,v1pZJ3tuEB9fbmojMjqPixJSr8U=
18,14,mcD+1U7IH7FNPnqc6nU3K2mK4cg=,vfb139TuES+Odfj90xOlP3sqfuw=
17,14,mcD+1U7IH7FNPnqc6nU3K2mK4cg=,cN7ihHt5s2+vKiP38+RAIwyOY8I=
17,13,mcD+1U7IH7FNPnqc6nU3K2mK4cg=,v1pZJ3tuEB9fbmojMjqPixJSr8U=
